,Segment
CUST_00001,0
CUST_00002,1
CUST_00003,2
CUST_00004,2
CUST_00005,3
CUST_00006,0
CUST_00007,2
CUST_00008,2
CUST_00009,2
CUST_00010,4
CUST_00011,0
CUST_00012,0
CUST_00013,0
CUST_00014,2
CUST_00015,2
CUST_00016,2
CUST_00017,2
CUST_00018,2
CUST_00019,2
CUST_00020,0
CUST_00021,2
CUST_00022,3
CUST_00023,4
CUST_00024,2
CUST_00025,2
CUST_00026,2
CUST_00027,0
CUST_00028,2
CUST_00029,2
CUST_00030,4
CUST_00031,2
CUST_00032,2
CUST_00033,0
CUST_00034,2
CUST_00035,1
CUST_00036,4
CUST_00037,1
CUST_00038,2
CUST_00039,4
CUST_00040,2
CUST_00041,2
CUST_00042,1
CUST_00043,0
CUST_00044,4
CUST_00045,2
CUST_00046,4
CUST_00047,0
CUST_00048,2
CUST_00049,0
CUST_00050,2
CUST_00051,0
CUST_00052,2
CUST_00053,0
CUST_00054,2
CUST_00055,2
CUST_00056,2
CUST_00057,2
CUST_00058,2
CUST_00059,4
CUST_00060,4
CUST_00061,2
CUST_00062,2
CUST_00063,2
CUST_00064,2
CUST_00065,2
CUST_00066,4
CUST_00067,4
CUST_00068,4
CUST_00069,2
CUST_00070,0
CUST_00071,4
CUST_00072,2
CUST_00073,2
CUST_00074,2
CUST_00075,2
CUST_00076,4
CUST_00077,2
CUST_00078,2
CUST_00079,1
CUST_00080,2
CUST_00081,1
CUST_00082,2
CUST_00083,2
CUST_00084,2
CUST_00085,0
CUST_00086,1
CUST_00087,2
CUST_00088,4
CUST_00089,4
CUST_00090,0
CUST_00091,1
CUST_00092,2
CUST_00093,2
CUST_00094,4
CUST_00095,4
CUST_00096,4
CUST_00097,0
CUST_00098,2
CUST_00099,4
CUST_00100,2
CUST_00101,2
CUST_00102,1
CUST_00103,2
CUST_00104,2
CUST_00105,0
CUST_00106,4
CUST_00107,4
CUST_00108,4
CUST_00109,2
CUST_00110,4
CUST_00111,2
CUST_00112,2
CUST_00113,2
CUST_00114,0
CUST_00115,0
CUST_00116,0
CUST_00117,2
CUST_00118,1
CUST_00119,0
CUST_00120,1
CUST_00121,4
CUST_00122,1
CUST_00123,2
CUST_00124,4
CUST_00125,4
CUST_00126,1
CUST_00127,1
CUST_00128,2
CUST_00129,2
CUST_00130,4
CUST_00131,2
CUST_00132,2
CUST_00133,1
CUST_00134,4
CUST_00135,0
CUST_00136,2
CUST_00137,4
CUST_00138,2
CUST_00139,4
CUST_00140,2
CUST_00141,4
CUST_00142,1
CUST_00143,1
CUST_00144,0
CUST_00145,2
CUST_00146,4
CUST_00147,4
CUST_00148,0
CUST_00149,4
CUST_00150,4
CUST_00151,0
CUST_00152,4
CUST_00153,2
CUST_00154,0
CUST_00155,4
CUST_00156,1
CUST_00157,4
CUST_00158,0
CUST_00159,0
CUST_00160,0
CUST_00161,1
CUST_00162,2
CUST_00163,2
CUST_00164,2
CUST_00165,0
CUST_00166,0
CUST_00167,2
CUST_00168,0
CUST_00169,4
CUST_00170,4
CUST_00171,2
CUST_00172,4
CUST_00173,2
CUST_00174,0
CUST_00175,2
CUST_00176,3
CUST_00177,4
CUST_00178,3
CUST_00179,2
CUST_00180,2
CUST_00181,0
CUST_00182,0
CUST_00183,0
CUST_00184,0
CUST_00185,4
CUST_00186,0
CUST_00187,4
CUST_00188,4
CUST_00189,2
CUST_00190,4
CUST_00191,2
CUST_00192,2
CUST_00193,2
CUST_00194,4
CUST_00195,2
CUST_00196,2
CUST_00197,0
CUST_00198,2
CUST_00199,3
CUST_00200,2
CUST_00201,4
CUST_00202,2
CUST_00203,2
CUST_00204,2
CUST_00205,2
CUST_00206,0
CUST_00207,0
CUST_00208,0
CUST_00209,0
CUST_00210,1
CUST_00211,1
CUST_00212,0
CUST_00213,4
CUST_00214,2
CUST_00215,4
CUST_00216,2
CUST_00217,2
CUST_00218,2
CUST_00219,2
CUST_00220,0
CUST_00221,2
CUST_00222,0
CUST_00223,1
CUST_00224,0
CUST_00225,0
CUST_00226,4
CUST_00227,4
CUST_00228,2
CUST_00229,4
CUST_00230,4
CUST_00231,0
CUST_00232,2
CUST_00233,2
CUST_00234,2
CUST_00235,2
CUST_00236,2
CUST_00237,1
CUST_00238,2
CUST_00239,4
CUST_00240,2
CUST_00241,0
CUST_00242,2
CUST_00243,4
CUST_00244,2
CUST_00245,2
CUST_00246,4
CUST_00247,4
CUST_00248,2
CUST_00249,4
CUST_00250,0
CUST_00251,0
CUST_00252,4
CUST_00253,2
CUST_00254,4
CUST_00255,2
CUST_00256,1
CUST_00257,1
CUST_00258,2
CUST_00259,2
CUST_00260,2
CUST_00261,0
CUST_00262,2
CUST_00263,4
CUST_00264,4
CUST_00265,2
CUST_00266,2
CUST_00267,2
CUST_00268,4
CUST_00269,4
CUST_00270,0
CUST_00271,0
CUST_00272,2
CUST_00273,2
CUST_00274,2
CUST_00275,4
CUST_00276,2
CUST_00277,4
CUST_00278,4
CUST_00279,2
CUST_00280,2
CUST_00281,2
CUST_00282,4
CUST_00283,4
CUST_00284,4
CUST_00285,4
CUST_00286,2
CUST_00287,4
CUST_00288,2
CUST_00289,3
CUST_00290,1
CUST_00291,4
CUST_00292,2
CUST_00293,2
CUST_00294,2
CUST_00295,2
CUST_00296,2
CUST_00297,4
CUST_00298,4
CUST_00299,2
CUST_00300,2
CUST_00301,4
CUST_00302,0
CUST_00303,2
CUST_00304,4
CUST_00305,2
CUST_00306,2
CUST_00307,2
CUST_00308,4
CUST_00309,4
CUST_00310,2
CUST_00311,2
CUST_00312,2
CUST_00313,0
CUST_00314,4
CUST_00315,2
CUST_00316,4
CUST_00317,2
CUST_00318,2
CUST_00319,4
CUST_00320,2
CUST_00321,4
CUST_00322,1
CUST_00323,4
CUST_00324,4
CUST_00325,0
CUST_00326,2
CUST_00327,4
CUST_00328,2
CUST_00329,1
CUST_00330,2
CUST_00331,2
CUST_00332,2
CUST_00333,4
CUST_00334,2
CUST_00335,2
CUST_00336,2
CUST_00337,1
CUST_00338,4
CUST_00339,2
CUST_00340,2
CUST_00341,4
CUST_00342,1
CUST_00343,0
CUST_00344,4
CUST_00345,2
CUST_00346,2
CUST_00347,4
CUST_00348,2
CUST_00349,1
CUST_00350,2
CUST_00351,2
CUST_00352,0
CUST_00353,2
CUST_00354,2
CUST_00355,4
CUST_00356,1
CUST_00357,3
CUST_00358,4
CUST_00359,4
CUST_00360,4
CUST_00361,4
CUST_00362,4
CUST_00363,2
CUST_00364,0
CUST_00365,4
CUST_00366,0
CUST_00367,2
CUST_00368,4
CUST_00369,2
CUST_00370,2
CUST_00371,2
CUST_00372,4
CUST_00373,2
CUST_00374,4
CUST_00375,2
CUST_00376,2
CUST_00377,2
CUST_00378,2
CUST_00379,2
CUST_00380,1
CUST_00381,4
CUST_00382,0
CUST_00383,4
CUST_00384,3
CUST_00385,4
CUST_00386,4
CUST_00387,0
CUST_00388,2
CUST_00389,0
CUST_00390,2
CUST_00391,2
CUST_00392,4
CUST_00393,2
CUST_00394,3
CUST_00395,0
CUST_00396,0
CUST_00397,4
CUST_00398,0
CUST_00399,0
CUST_00400,2
CUST_00401,1
CUST_00402,2
CUST_00403,2
CUST_00404,4
CUST_00405,4
CUST_00406,2
CUST_00407,1
CUST_00408,2
CUST_00409,0
CUST_00410,2
CUST_00411,4
CUST_00412,0
CUST_00413,1
CUST_00414,1
CUST_00415,2
CUST_00416,4
CUST_00417,2
CUST_00418,2
CUST_00419,4
CUST_00420,4
CUST_00421,2
CUST_00422,0
CUST_00423,2
CUST_00424,4
CUST_00425,2
CUST_00426,4
CUST_00427,4
CUST_00428,2
CUST_00429,4
CUST_00430,4
CUST_00431,2
CUST_00432,2
CUST_00433,2
CUST_00434,3
CUST_00435,4
CUST_00436,4
CUST_00437,4
CUST_00438,2
CUST_00439,0
CUST_00440,2
CUST_00441,2
CUST_00442,2
CUST_00443,2
CUST_00444,4
CUST_00445,0
CUST_00446,2
CUST_00447,4
CUST_00448,4
CUST_00449,2
CUST_00450,4
CUST_00451,1
CUST_00452,0
CUST_00453,2
CUST_00454,2
CUST_00455,0
CUST_00456,4
CUST_00457,2
CUST_00458,4
CUST_00459,2
CUST_00460,0
CUST_00461,4
CUST_00462,1
CUST_00463,1
CUST_00464,4
CUST_00465,4
CUST_00466,2
CUST_00467,2
CUST_00468,4
CUST_00469,1
CUST_00470,3
CUST_00471,0
CUST_00472,4
CUST_00473,2
CUST_00474,0
CUST_00475,2
CUST_00476,2
CUST_00477,4
CUST_00478,0
CUST_00479,1
CUST_00480,1
CUST_00481,2
CUST_00482,0
CUST_00483,0
CUST_00484,3
CUST_00485,4
CUST_00486,0
CUST_00487,4
CUST_00488,2
CUST_00489,0
CUST_00490,2
CUST_00491,4
CUST_00492,2
CUST_00493,4
CUST_00494,2
CUST_00495,2
CUST_00496,2
CUST_00497,4
CUST_00498,0
CUST_00499,2
CUST_00500,1
CUST_00501,1
CUST_00502,2
CUST_00503,0
CUST_00504,0
CUST_00505,1
CUST_00506,4
CUST_00507,0
CUST_00508,4
CUST_00509,0
CUST_00510,0
CUST_00511,0
CUST_00512,0
CUST_00513,2
CUST_00514,4
CUST_00515,2
CUST_00516,2
CUST_00517,0
CUST_00518,3
CUST_00519,2
CUST_00520,3
CUST_00521,2
CUST_00522,0
CUST_00523,2
CUST_00524,4
CUST_00525,2
CUST_00526,2
CUST_00527,1
CUST_00528,4
CUST_00529,4
CUST_00530,1
CUST_00531,0
CUST_00532,2
CUST_00533,0
CUST_00534,4
CUST_00535,3
CUST_00536,0
CUST_00537,3
CUST_00538,2
CUST_00539,0
CUST_00540,2
CUST_00541,2
CUST_00542,4
CUST_00543,4
CUST_00544,1
CUST_00545,2
CUST_00546,1
CUST_00547,3
CUST_00548,0
CUST_00549,4
CUST_00550,4
CUST_00551,4
CUST_00552,0
CUST_00553,2
CUST_00554,2
CUST_00555,1
CUST_00556,0
CUST_00557,0
CUST_00558,4
CUST_00559,0
CUST_00560,4
CUST_00561,2
CUST_00562,2
CUST_00563,4
CUST_00564,2
CUST_00565,2
CUST_00566,2
CUST_00567,4
CUST_00568,3
CUST_00569,4
CUST_00570,2
CUST_00571,4
CUST_00572,2
CUST_00573,2
CUST_00574,4
CUST_00575,2
CUST_00576,1
CUST_00577,0
CUST_00578,2
CUST_00579,4
CUST_00580,4
CUST_00581,2
CUST_00582,2
CUST_00583,0
CUST_00584,0
CUST_00585,3
CUST_00586,4
CUST_00587,4
CUST_00588,2
CUST_00589,0
CUST_00590,2
CUST_00591,4
CUST_00592,2
CUST_00593,0
CUST_00594,2
CUST_00595,0
CUST_00596,4
CUST_00597,4
CUST_00598,2
CUST_00599,2
CUST_00600,4
CUST_00601,2
CUST_00602,0
CUST_00603,2
CUST_00604,2
CUST_00605,4
CUST_00606,2
CUST_00607,0
CUST_00608,0
CUST_00609,2
CUST_00610,0
CUST_00611,3
CUST_00612,0
CUST_00613,2
CUST_00614,2
CUST_00615,2
CUST_00616,0
CUST_00617,2
CUST_00618,2
CUST_00619,1
CUST_00620,4
CUST_00621,2
CUST_00622,2
CUST_00623,4
CUST_00624,1
CUST_00625,2
CUST_00626,1
CUST_00627,4
CUST_00628,1
CUST_00629,4
CUST_00630,4
CUST_00631,4
CUST_00632,2
CUST_00633,2
CUST_00634,2
CUST_00635,2
CUST_00636,4
CUST_00637,2
CUST_00638,0
CUST_00639,1
CUST_00640,0
CUST_00641,2
CUST_00642,0
CUST_00643,1
CUST_00644,4
CUST_00645,2
CUST_00646,1
CUST_00647,2
CUST_00648,2
CUST_00649,2
CUST_00650,4
CUST_00651,2
CUST_00652,2
CUST_00653,4
CUST_00654,3
CUST_00655,2
CUST_00656,4
CUST_00657,0
CUST_00658,1
CUST_00659,2
CUST_00660,2
CUST_00661,2
CUST_00662,4
CUST_00663,4
CUST_00664,0
CUST_00665,2
CUST_00666,4
CUST_00667,0
CUST_00668,0
CUST_00669,2
CUST_00670,2
CUST_00671,0
CUST_00672,4
CUST_00673,2
CUST_00674,2
CUST_00675,4
CUST_00676,2
CUST_00677,2
CUST_00678,2
CUST_00679,2
CUST_00680,0
CUST_00681,2
CUST_00682,4
CUST_00683,0
CUST_00684,4
CUST_00685,4
CUST_00686,2
CUST_00687,2
CUST_00688,2
CUST_00689,0
CUST_00690,2
CUST_00691,2
CUST_00692,1
CUST_00693,2
CUST_00694,0
CUST_00695,2
CUST_00696,4
CUST_00697,1
CUST_00698,4
CUST_00699,4
CUST_00700,4
CUST_00701,0
CUST_00702,2
CUST_00703,1
CUST_00704,4
CUST_00705,1
CUST_00706,1
CUST_00707,4
CUST_00708,4
CUST_00709,2
CUST_00710,0
CUST_00711,4
CUST_00712,2
CUST_00713,2
CUST_00714,4
CUST_00715,4
CUST_00716,0
CUST_00717,1
CUST_00718,2
CUST_00719,2
CUST_00720,4
CUST_00721,4
CUST_00722,2
CUST_00723,1
CUST_00724,4
CUST_00725,0
CUST_00726,0
CUST_00727,4
CUST_00728,0
CUST_00729,4
CUST_00730,0
CUST_00731,2
CUST_00732,2
CUST_00733,2
CUST_00734,0
CUST_00735,1
CUST_00736,2
CUST_00737,4
CUST_00738,4
CUST_00739,4
CUST_00740,2
CUST_00741,0
CUST_00742,4
CUST_00743,1
CUST_00744,2
CUST_00745,2
CUST_00746,4
CUST_00747,2
CUST_00748,2
CUST_00749,2
CUST_00750,4
CUST_00751,2
CUST_00752,2
CUST_00753,2
CUST_00754,2
CUST_00755,0
CUST_00756,4
CUST_00757,2
CUST_00758,2
CUST_00759,1
CUST_00760,2
CUST_00761,4
CUST_00762,4
CUST_00763,0
CUST_00764,2
CUST_00765,0
CUST_00766,4
CUST_00767,2
CUST_00768,1
CUST_00769,4
CUST_00770,0
CUST_00771,2
CUST_00772,2
CUST_00773,4
CUST_00774,0
CUST_00775,2
CUST_00776,2
CUST_00777,2
CUST_00778,1
CUST_00779,1
CUST_00780,2
CUST_00781,4
CUST_00782,4
CUST_00783,0
CUST_00784,2
CUST_00785,2
CUST_00786,0
CUST_00787,2
CUST_00788,4
CUST_00789,2
CUST_00790,4
CUST_00791,4
CUST_00792,2
CUST_00793,4
CUST_00794,0
CUST_00795,4
CUST_00796,1
CUST_00797,2
CUST_00798,4
CUST_00799,4
CUST_00800,3
CUST_00801,4
CUST_00802,2
CUST_00803,4
CUST_00804,4
CUST_00805,2
CUST_00806,4
CUST_00807,2
CUST_00808,2
CUST_00809,2
CUST_00810,0
CUST_00811,4
CUST_00812,2
CUST_00813,4
CUST_00814,0
CUST_00815,4
CUST_00816,2
CUST_00817,2
CUST_00818,1
CUST_00819,4
CUST_00820,2
CUST_00821,0
CUST_00822,4
CUST_00823,0
CUST_00824,2
CUST_00825,0
CUST_00826,4
CUST_00827,2
CUST_00828,4
CUST_00829,0
CUST_00830,2
CUST_00831,1
CUST_00832,2
CUST_00833,4
CUST_00834,2
CUST_00835,0
CUST_00836,2
CUST_00837,1
CUST_00838,2
CUST_00839,4
CUST_00840,1
CUST_00841,0
CUST_00842,4
CUST_00843,4
CUST_00844,0
CUST_00845,4
CUST_00846,4
CUST_00847,0
CUST_00848,1
CUST_00849,2
CUST_00850,0
CUST_00851,2
CUST_00852,2
CUST_00853,4
CUST_00854,4
CUST_00855,0
CUST_00856,0
CUST_00857,2
CUST_00858,4
CUST_00859,1
CUST_00860,1
CUST_00861,2
CUST_00862,2
CUST_00863,0
CUST_00864,2
CUST_00865,4
CUST_00866,0
CUST_00867,2
CUST_00868,2
CUST_00869,2
CUST_00870,0
CUST_00871,0
CUST_00872,4
CUST_00873,1
CUST_00874,2
CUST_00875,4
CUST_00876,4
CUST_00877,1
CUST_00878,2
CUST_00879,4
CUST_00880,2
CUST_00881,0
CUST_00882,1
CUST_00883,1
CUST_00884,4
CUST_00885,0
CUST_00886,4
CUST_00887,4
CUST_00888,1
CUST_00889,2
CUST_00890,2
CUST_00891,2
CUST_00892,2
CUST_00893,4
CUST_00894,0
CUST_00895,1
CUST_00896,0
CUST_00897,2
CUST_00898,0
CUST_00899,1
CUST_00900,4
CUST_00901,4
CUST_00902,4
CUST_00903,4
CUST_00904,4
CUST_00905,3
CUST_00906,2
CUST_00907,0
CUST_00908,2
CUST_00909,3
CUST_00910,2
CUST_00911,3
CUST_00912,0
CUST_00913,1
CUST_00914,2
CUST_00915,0
CUST_00916,0
CUST_00917,2
CUST_00918,0
CUST_00919,2
CUST_00920,2
CUST_00921,2
CUST_00922,2
CUST_00923,2
CUST_00924,2
CUST_00925,2
CUST_00926,4
CUST_00927,4
CUST_00928,1
CUST_00929,4
CUST_00930,3
CUST_00931,2
CUST_00932,4
CUST_00933,0
CUST_00934,4
CUST_00935,4
CUST_00936,2
CUST_00937,2
CUST_00938,4
CUST_00939,0
CUST_00940,0
CUST_00941,4
CUST_00942,4
CUST_00943,0
CUST_00944,0
CUST_00945,2
CUST_00946,0
CUST_00947,4
CUST_00948,2
CUST_00949,4
CUST_00950,2
CUST_00951,2
CUST_00952,2
CUST_00953,4
CUST_00954,4
CUST_00955,2
CUST_00956,2
CUST_00957,2
CUST_00958,1
CUST_00959,2
CUST_00960,3
CUST_00961,2
CUST_00962,1
CUST_00963,2
CUST_00964,1
CUST_00965,2
CUST_00966,2
CUST_00967,4
CUST_00968,4
CUST_00969,4
CUST_00970,4
CUST_00971,2
CUST_00972,2
CUST_00973,2
CUST_00974,2
CUST_00975,2
CUST_00976,1
CUST_00977,4
CUST_00978,2
CUST_00979,0
CUST_00980,4
CUST_00981,4
CUST_00982,2
CUST_00983,0
CUST_00984,4
CUST_00985,2
CUST_00986,0
CUST_00987,4
CUST_00988,1
CUST_00989,2
CUST_00990,0
CUST_00991,4
CUST_00992,2
CUST_00993,2
CUST_00994,2
CUST_00995,2
CUST_00996,2
CUST_00997,2
CUST_00998,0
CUST_00999,2
CUST_01000,2
CUST_01001,0
CUST_01002,1
CUST_01003,2
CUST_01004,0
CUST_01005,4
CUST_01006,2
CUST_01007,0
CUST_01008,4
CUST_01009,4
CUST_01010,1
CUST_01011,4
CUST_01012,2
CUST_01013,4
CUST_01014,0
CUST_01015,2
CUST_01016,0
CUST_01017,2
CUST_01018,4
CUST_01019,2
CUST_01020,1
CUST_01021,2
CUST_01022,0
CUST_01023,4
CUST_01024,4
CUST_01025,2
CUST_01026,0
CUST_01027,2
CUST_01028,4
CUST_01029,2
CUST_01030,4
CUST_01031,2
CUST_01032,0
CUST_01033,2
CUST_01034,2
CUST_01035,1
CUST_01036,0
CUST_01037,2
CUST_01038,1
CUST_01039,0
CUST_01040,4
CUST_01041,2
CUST_01042,0
CUST_01043,2
CUST_01044,1
CUST_01045,2
CUST_01046,2
CUST_01047,2
CUST_01048,2
CUST_01049,4
CUST_01050,2
CUST_01051,2
CUST_01052,0
CUST_01053,2
CUST_01054,0
CUST_01055,0
CUST_01056,2
CUST_01057,1
CUST_01058,1
CUST_01059,4
CUST_01060,4
CUST_01061,2
CUST_01062,2
CUST_01063,2
CUST_01064,0
CUST_01065,0
CUST_01066,0
CUST_01067,2
CUST_01068,2
CUST_01069,2
CUST_01070,1
CUST_01071,4
CUST_01072,0
CUST_01073,0
CUST_01074,4
CUST_01075,2
CUST_01076,0
CUST_01077,3
CUST_01078,4
CUST_01079,0
CUST_01080,2
CUST_01081,1
CUST_01082,2
CUST_01083,2
CUST_01084,0
CUST_01085,4
CUST_01086,4
CUST_01087,2
CUST_01088,0
CUST_01089,0
CUST_01090,4
CUST_01091,0
CUST_01092,4
CUST_01093,4
CUST_01094,3
CUST_01095,4
CUST_01096,2
CUST_01097,2
CUST_01098,4
CUST_01099,2
CUST_01100,1
CUST_01101,2
CUST_01102,2
CUST_01103,4
CUST_01104,0
CUST_01105,4
CUST_01106,1
CUST_01107,4
CUST_01108,2
CUST_01109,0
CUST_01110,4
CUST_01111,2
CUST_01112,2
CUST_01113,2
CUST_01114,2
CUST_01115,0
CUST_01116,1
CUST_01117,4
CUST_01118,0
CUST_01119,4
CUST_01120,2
CUST_01121,2
CUST_01122,1
CUST_01123,1
CUST_01124,4
CUST_01125,2
CUST_01126,2
CUST_01127,4
CUST_01128,4
CUST_01129,4
CUST_01130,2
CUST_01131,1
CUST_01132,0
CUST_01133,4
CUST_01134,4
CUST_01135,2
CUST_01136,2
CUST_01137,2
CUST_01138,2
CUST_01139,4
CUST_01140,2
CUST_01141,4
CUST_01142,1
CUST_01143,0
CUST_01144,2
CUST_01145,2
CUST_01146,2
CUST_01147,2
CUST_01148,4
CUST_01149,4
CUST_01150,0
CUST_01151,4
CUST_01152,0
CUST_01153,2
CUST_01154,4
CUST_01155,2
CUST_01156,2
CUST_01157,4
CUST_01158,0
CUST_01159,2
CUST_01160,4
CUST_01161,2
CUST_01162,0
CUST_01163,4
CUST_01164,0
CUST_01165,4
CUST_01166,0
CUST_01167,2
CUST_01168,4
CUST_01169,4
CUST_01170,2
CUST_01171,0
CUST_01172,2
CUST_01173,1
CUST_01174,0
CUST_01175,0
CUST_01176,0
CUST_01177,1
CUST_01178,2
CUST_01179,2
CUST_01180,4
CUST_01181,2
CUST_01182,1
CUST_01183,2
CUST_01184,0
CUST_01185,4
CUST_01186,0
CUST_01187,2
CUST_01188,4
CUST_01189,0
CUST_01190,2
CUST_01191,0
CUST_01192,1
CUST_01193,2
CUST_01194,2
CUST_01195,4
CUST_01196,0
CUST_01197,2
CUST_01198,2
CUST_01199,2
CUST_01200,0
CUST_01201,0
CUST_01202,2
CUST_01203,2
CUST_01204,0
CUST_01205,2
CUST_01206,2
CUST_01207,0
CUST_01208,2
CUST_01209,2
CUST_01210,2
CUST_01211,0
CUST_01212,1
CUST_01213,1
CUST_01214,2
CUST_01215,4
CUST_01216,4
CUST_01217,4
CUST_01218,4
CUST_01219,1
CUST_01220,2
CUST_01221,4
CUST_01222,2
CUST_01223,2
CUST_01224,0
CUST_01225,1
CUST_01226,0
CUST_01227,0
CUST_01228,2
CUST_01229,2
CUST_01230,2
CUST_01231,4
CUST_01232,2
CUST_01233,2
CUST_01234,2
CUST_01235,0
CUST_01236,4
CUST_01237,0
CUST_01238,4
CUST_01239,1
CUST_01240,4
CUST_01241,4
CUST_01242,2
CUST_01243,1
CUST_01244,1
CUST_01245,0
CUST_01246,0
CUST_01247,0
CUST_01248,0
CUST_01249,2
CUST_01250,1
CUST_01251,4
CUST_01252,2
CUST_01253,4
CUST_01254,2
CUST_01255,1
CUST_01256,4
CUST_01257,2
CUST_01258,2
CUST_01259,2
CUST_01260,2
CUST_01261,4
CUST_01262,4
CUST_01263,0
CUST_01264,2
CUST_01265,1
CUST_01266,0
CUST_01267,2
CUST_01268,2
CUST_01269,1
CUST_01270,2
CUST_01271,2
CUST_01272,4
CUST_01273,0
CUST_01274,2
CUST_01275,4
CUST_01276,4
CUST_01277,4
CUST_01278,1
CUST_01279,2
CUST_01280,0
CUST_01281,2
CUST_01282,4
CUST_01283,1
CUST_01284,4
CUST_01285,2
CUST_01286,2
CUST_01287,4
CUST_01288,2
CUST_01289,0
CUST_01290,2
CUST_01291,0
CUST_01292,2
CUST_01293,2
CUST_01294,2
CUST_01295,2
CUST_01296,4
CUST_01297,4
CUST_01298,4
CUST_01299,2
CUST_01300,3
CUST_01301,0
CUST_01302,2
CUST_01303,2
CUST_01304,4
CUST_01305,0
CUST_01306,0
CUST_01307,2
CUST_01308,4
CUST_01309,2
CUST_01310,1
CUST_01311,4
CUST_01312,2
CUST_01313,2
CUST_01314,2
CUST_01315,0
CUST_01316,2
CUST_01317,2
CUST_01318,4
CUST_01319,0
CUST_01320,1
CUST_01321,0
CUST_01322,2
CUST_01323,1
CUST_01324,2
CUST_01325,0
CUST_01326,2
CUST_01327,2
CUST_01328,0
CUST_01329,2
CUST_01330,4
CUST_01331,2
CUST_01332,2
CUST_01333,4
CUST_01334,1
CUST_01335,0
CUST_01336,2
CUST_01337,0
CUST_01338,2
CUST_01339,4
CUST_01340,4
CUST_01341,0
CUST_01342,4
CUST_01343,4
CUST_01344,4
CUST_01345,0
CUST_01346,0
CUST_01347,4
CUST_01348,2
CUST_01349,2
CUST_01350,0
CUST_01351,4
CUST_01352,0
CUST_01353,4
CUST_01354,2
CUST_01355,2
CUST_01356,1
CUST_01357,2
CUST_01358,2
CUST_01359,1
CUST_01360,2
CUST_01361,4
CUST_01362,2
CUST_01363,2
CUST_01364,2
CUST_01365,4
CUST_01366,0
CUST_01367,2
CUST_01368,2
CUST_01369,2
CUST_01370,2
CUST_01371,4
CUST_01372,4
CUST_01373,0
CUST_01374,1
CUST_01375,2
CUST_01376,0
CUST_01377,1
CUST_01378,2
CUST_01379,2
CUST_01380,2
CUST_01381,1
CUST_01382,4
CUST_01383,2
CUST_01384,0
CUST_01385,2
CUST_01386,2
CUST_01387,1
CUST_01388,2
CUST_01389,4
CUST_01390,2
CUST_01391,0
CUST_01392,2
CUST_01393,0
CUST_01394,4
CUST_01395,2
CUST_01396,4
CUST_01397,0
CUST_01398,4
CUST_01399,2
CUST_01400,0
CUST_01401,4
CUST_01402,4
CUST_01403,2
CUST_01404,2
CUST_01405,4
CUST_01406,4
CUST_01407,4
CUST_01408,0
CUST_01409,2
CUST_01410,3
CUST_01411,4
CUST_01412,4
CUST_01413,4
CUST_01414,2
CUST_01415,2
CUST_01416,0
CUST_01417,2
CUST_01418,4
CUST_01419,0
CUST_01420,2
CUST_01421,2
CUST_01422,0
CUST_01423,2
CUST_01424,0
CUST_01425,2
CUST_01426,2
CUST_01427,0
CUST_01428,2
CUST_01429,4
CUST_01430,4
CUST_01431,4
CUST_01432,2
CUST_01433,2
CUST_01434,0
CUST_01435,2
CUST_01436,2
CUST_01437,1
CUST_01438,2
CUST_01439,2
CUST_01440,0
CUST_01441,4
CUST_01442,2
CUST_01443,2
CUST_01444,2
CUST_01445,2
CUST_01446,0
CUST_01447,4
CUST_01448,2
CUST_01449,2
CUST_01450,0
CUST_01451,0
CUST_01452,4
CUST_01453,4
CUST_01454,0
CUST_01455,2
CUST_01456,0
CUST_01457,4
CUST_01458,2
CUST_01459,0
CUST_01460,0
CUST_01461,4
CUST_01462,0
CUST_01463,2
CUST_01464,1
CUST_01465,2
CUST_01466,2
CUST_01467,0
CUST_01468,2
CUST_01469,4
CUST_01470,1
CUST_01471,2
CUST_01472,4
CUST_01473,2
CUST_01474,4
CUST_01475,2
CUST_01476,0
CUST_01477,2
CUST_01478,0
CUST_01479,2
CUST_01480,2
CUST_01481,4
CUST_01482,0
CUST_01483,2
CUST_01484,0
CUST_01485,2
CUST_01486,0
CUST_01487,2
CUST_01488,4
CUST_01489,0
CUST_01490,0
CUST_01491,4
CUST_01492,2
CUST_01493,1
CUST_01494,2
CUST_01495,2
CUST_01496,2
CUST_01497,2
CUST_01498,2
CUST_01499,4
CUST_01500,2
CUST_01501,0
CUST_01502,4
CUST_01503,4
CUST_01504,1
CUST_01505,1
CUST_01506,0
CUST_01507,2
CUST_01508,4
CUST_01509,2
CUST_01510,4
CUST_01511,0
CUST_01512,0
CUST_01513,4
CUST_01514,0
CUST_01515,2
CUST_01516,4
CUST_01517,4
CUST_01518,2
CUST_01519,2
CUST_01520,0
CUST_01521,2
CUST_01522,0
CUST_01523,0
CUST_01524,0
CUST_01525,0
CUST_01526,4
CUST_01527,2
CUST_01528,0
CUST_01529,1
CUST_01530,2
CUST_01531,4
CUST_01532,2
CUST_01533,2
CUST_01534,4
CUST_01535,4
CUST_01536,0
CUST_01537,0
CUST_01538,4
CUST_01539,0
CUST_01540,4
CUST_01541,0
CUST_01542,2
CUST_01543,0
CUST_01544,2
CUST_01545,2
CUST_01546,2
CUST_01547,1
CUST_01548,3
CUST_01549,1
CUST_01550,2
CUST_01551,4
CUST_01552,2
CUST_01553,0
CUST_01554,4
CUST_01555,2
CUST_01556,2
CUST_01557,0
CUST_01558,2
CUST_01559,0
CUST_01560,0
CUST_01561,4
CUST_01562,2
CUST_01563,2
CUST_01564,4
CUST_01565,0
CUST_01566,1
CUST_01567,2
CUST_01568,4
CUST_01569,2
CUST_01570,2
CUST_01571,2
CUST_01572,2
CUST_01573,4
CUST_01574,0
CUST_01575,1
CUST_01576,0
CUST_01577,0
CUST_01578,2
CUST_01579,0
CUST_01580,2
CUST_01581,0
CUST_01582,0
CUST_01583,2
CUST_01584,4
CUST_01585,4
CUST_01586,4
CUST_01587,0
CUST_01588,1
CUST_01589,2
CUST_01590,4
CUST_01591,4
CUST_01592,2
CUST_01593,2
CUST_01594,1
CUST_01595,0
CUST_01596,4
CUST_01597,2
CUST_01598,2
CUST_01599,4
CUST_01600,2
CUST_01601,2
CUST_01602,2
CUST_01603,3
CUST_01604,4
CUST_01605,0
CUST_01606,4
CUST_01607,2
CUST_01608,2
CUST_01609,2
CUST_01610,4
CUST_01611,4
CUST_01612,2
CUST_01613,4
CUST_01614,4
CUST_01615,1
CUST_01616,2
CUST_01617,0
CUST_01618,1
CUST_01619,4
CUST_01620,4
CUST_01621,2
CUST_01622,0
CUST_01623,2
CUST_01624,2
CUST_01625,2
CUST_01626,0
CUST_01627,0
CUST_01628,4
CUST_01629,4
CUST_01630,4
CUST_01631,4
CUST_01632,2
CUST_01633,2
CUST_01634,4
CUST_01635,2
CUST_01636,2
CUST_01637,4
CUST_01638,4
CUST_01639,2
CUST_01640,2
CUST_01641,1
CUST_01642,4
CUST_01643,2
CUST_01644,4
CUST_01645,2
CUST_01646,2
CUST_01647,4
CUST_01648,0
CUST_01649,2
CUST_01650,1
CUST_01651,2
CUST_01652,2
CUST_01653,0
CUST_01654,4
CUST_01655,0
CUST_01656,2
CUST_01657,4
CUST_01658,4
CUST_01659,1
CUST_01660,2
CUST_01661,1
CUST_01662,1
CUST_01663,0
CUST_01664,4
CUST_01665,1
CUST_01666,1
CUST_01667,1
CUST_01668,4
CUST_01669,2
CUST_01670,4
CUST_01671,1
CUST_01672,2
CUST_01673,2
CUST_01674,2
CUST_01675,2
CUST_01676,4
CUST_01677,2
CUST_01678,2
CUST_01679,4
CUST_01680,0
CUST_01681,1
CUST_01682,2
CUST_01683,1
CUST_01684,2
CUST_01685,2
CUST_01686,0
CUST_01687,1
CUST_01688,2
CUST_01689,0
CUST_01690,2
CUST_01691,2
CUST_01692,0
CUST_01693,2
CUST_01694,4
CUST_01695,0
CUST_01696,1
CUST_01697,0
CUST_01698,2
CUST_01699,0
CUST_01700,4
CUST_01701,2
CUST_01702,0
CUST_01703,2
CUST_01704,2
CUST_01705,4
CUST_01706,0
CUST_01707,2
CUST_01708,4
CUST_01709,4
CUST_01710,0
CUST_01711,0
CUST_01712,0
CUST_01713,2
CUST_01714,4
CUST_01715,4
CUST_01716,4
CUST_01717,1
CUST_01718,4
CUST_01719,4
CUST_01720,2
CUST_01721,0
CUST_01722,0
CUST_01723,2
CUST_01724,0
CUST_01725,4
CUST_01726,4
CUST_01727,4
CUST_01728,4
CUST_01729,2
CUST_01730,1
CUST_01731,4
CUST_01732,4
CUST_01733,0
CUST_01734,2
CUST_01735,2
CUST_01736,1
CUST_01737,2
CUST_01738,2
CUST_01739,2
CUST_01740,0
CUST_01741,2
CUST_01742,0
CUST_01743,2
CUST_01744,1
CUST_01745,2
CUST_01746,0
CUST_01747,1
CUST_01748,2
CUST_01749,0
CUST_01750,2
CUST_01751,4
CUST_01752,2
CUST_01753,4
CUST_01754,0
CUST_01755,1
CUST_01756,2
CUST_01757,2
CUST_01758,2
CUST_01759,2
CUST_01760,2
CUST_01761,2
CUST_01762,1
CUST_01763,2
CUST_01764,4
CUST_01765,2
CUST_01766,1
CUST_01767,2
CUST_01768,2
CUST_01769,2
CUST_01770,3
CUST_01771,2
CUST_01772,0
CUST_01773,2
CUST_01774,4
CUST_01775,2
CUST_01776,2
CUST_01777,2
CUST_01778,0
CUST_01779,2
CUST_01780,4
CUST_01781,1
CUST_01782,4
CUST_01783,4
CUST_01784,2
CUST_01785,2
CUST_01786,4
CUST_01787,0
CUST_01788,1
CUST_01789,2
CUST_01790,2
CUST_01791,4
CUST_01792,1
CUST_01793,2
CUST_01794,4
CUST_01795,2
CUST_01796,0
CUST_01797,0
CUST_01798,4
CUST_01799,2
CUST_01800,2
CUST_01801,2
CUST_01802,4
CUST_01803,0
CUST_01804,2
CUST_01805,2
CUST_01806,4
CUST_01807,0
CUST_01808,1
CUST_01809,2
CUST_01810,2
CUST_01811,2
CUST_01812,0
CUST_01813,2
CUST_01814,2
CUST_01815,4
CUST_01816,2
CUST_01817,2
CUST_01818,2
CUST_01819,4
CUST_01820,2
CUST_01821,2
CUST_01822,1
CUST_01823,0
CUST_01824,1
CUST_01825,4
CUST_01826,3
CUST_01827,4
CUST_01828,2
CUST_01829,4
CUST_01830,2
CUST_01831,4
CUST_01832,2
CUST_01833,2
CUST_01834,4
CUST_01835,4
CUST_01836,2
CUST_01837,4
CUST_01838,0
CUST_01839,4
CUST_01840,2
CUST_01841,4
CUST_01842,2
CUST_01843,4
CUST_01844,0
CUST_01845,4
CUST_01846,2
CUST_01847,2
CUST_01848,4
CUST_01849,2
CUST_01850,4
CUST_01851,0
CUST_01852,0
CUST_01853,0
CUST_01854,1
CUST_01855,2
CUST_01856,2
CUST_01857,0
CUST_01858,2
CUST_01859,0
CUST_01860,2
CUST_01861,2
CUST_01862,1
CUST_01863,2
CUST_01864,2
CUST_01865,2
CUST_01866,2
CUST_01867,0
CUST_01868,4
CUST_01869,2
CUST_01870,0
CUST_01871,2
CUST_01872,3
CUST_01873,4
CUST_01874,4
CUST_01875,2
CUST_01876,4
CUST_01877,2
CUST_01878,2
CUST_01879,1
CUST_01880,2
CUST_01881,2
CUST_01882,0
CUST_01883,2
CUST_01884,2
CUST_01885,0
CUST_01886,2
CUST_01887,2
CUST_01888,1
CUST_01889,2
CUST_01890,2
CUST_01891,2
CUST_01892,4
CUST_01893,2
CUST_01894,1
CUST_01895,2
CUST_01896,2
CUST_01897,4
CUST_01898,0
CUST_01899,2
CUST_01900,0
CUST_01901,4
CUST_01902,2
CUST_01903,4
CUST_01904,4
CUST_01905,0
CUST_01906,3
CUST_01907,0
CUST_01908,4
CUST_01909,0
CUST_01910,2
CUST_01911,2
CUST_01912,4
CUST_01913,2
CUST_01914,2
CUST_01915,1
CUST_01916,4
CUST_01917,2
CUST_01918,2
CUST_01919,2
CUST_01920,4
CUST_01921,2
CUST_01922,2
CUST_01923,2
CUST_01924,0
CUST_01925,2
CUST_01926,2
CUST_01927,4
CUST_01928,2
CUST_01929,4
CUST_01930,2
CUST_01931,0
CUST_01932,0
CUST_01933,1
CUST_01934,2
CUST_01935,2
CUST_01936,1
CUST_01937,4
CUST_01938,4
CUST_01939,4
CUST_01940,4
CUST_01941,4
CUST_01942,4
CUST_01943,2
CUST_01944,2
CUST_01945,0
CUST_01946,2
CUST_01947,2
CUST_01948,0
CUST_01949,2
CUST_01950,2
CUST_01951,2
CUST_01952,4
CUST_01953,4
CUST_01954,2
CUST_01955,2
CUST_01956,1
CUST_01957,2
CUST_01958,2
CUST_01959,2
CUST_01960,0
CUST_01961,2
CUST_01962,2
CUST_01963,2
CUST_01964,1
CUST_01965,2
CUST_01966,2
CUST_01967,2
CUST_01968,0
CUST_01969,2
CUST_01970,2
CUST_01971,0
CUST_01972,2
CUST_01973,2
CUST_01974,0
CUST_01975,4
CUST_01976,2
CUST_01977,0
CUST_01978,2
CUST_01979,2
CUST_01980,2
CUST_01981,2
CUST_01982,0
CUST_01983,4
CUST_01984,1
CUST_01985,4
CUST_01986,2
CUST_01987,2
CUST_01988,0
CUST_01989,0
CUST_01990,0
CUST_01991,1
CUST_01992,2
CUST_01993,2
CUST_01994,1
CUST_01995,4
CUST_01996,4
CUST_01997,1
CUST_01998,0
CUST_01999,4
CUST_02000,0
CUST_02001,0
CUST_02002,2
CUST_02003,2
CUST_02004,2
CUST_02005,2
CUST_02006,0
CUST_02007,4
CUST_02008,0
CUST_02009,1
CUST_02010,2
CUST_02011,1
CUST_02012,0
CUST_02013,2
CUST_02014,2
CUST_02015,4
CUST_02016,4
CUST_02017,1
CUST_02018,4
CUST_02019,0
CUST_02020,4
CUST_02021,0
CUST_02022,2
CUST_02023,4
CUST_02024,2
CUST_02025,3
CUST_02026,1
CUST_02027,1
CUST_02028,0
CUST_02029,2
CUST_02030,0
CUST_02031,0
CUST_02032,4
CUST_02033,2
CUST_02034,2
CUST_02035,1
CUST_02036,4
CUST_02037,2
CUST_02038,4
CUST_02039,2
CUST_02040,4
CUST_02041,4
CUST_02042,4
CUST_02043,4
CUST_02044,2
CUST_02045,2
CUST_02046,2
CUST_02047,0
CUST_02048,2
CUST_02049,2
CUST_02050,4
CUST_02051,0
CUST_02052,2
CUST_02053,4
CUST_02054,2
CUST_02055,4
CUST_02056,2
CUST_02057,0
CUST_02058,2
CUST_02059,2
CUST_02060,2
CUST_02061,2
CUST_02062,2
CUST_02063,4
CUST_02064,2
CUST_02065,2
CUST_02066,0
CUST_02067,2
CUST_02068,2
CUST_02069,2
CUST_02070,0
CUST_02071,2
CUST_02072,4
CUST_02073,2
CUST_02074,0
CUST_02075,2
CUST_02076,4
CUST_02077,2
CUST_02078,0
CUST_02079,4
CUST_02080,2
CUST_02081,0
CUST_02082,2
CUST_02083,0
CUST_02084,2
CUST_02085,2
CUST_02086,2
CUST_02087,4
CUST_02088,4
CUST_02089,2
CUST_02090,4
CUST_02091,2
CUST_02092,0
CUST_02093,2
CUST_02094,2
CUST_02095,0
CUST_02096,2
CUST_02097,0
CUST_02098,4
CUST_02099,2
CUST_02100,0
CUST_02101,2
CUST_02102,2
CUST_02103,1
CUST_02104,2
CUST_02105,0
CUST_02106,2
CUST_02107,0
CUST_02108,0
CUST_02109,0
CUST_02110,0
CUST_02111,0
CUST_02112,2
CUST_02113,1
CUST_02114,2
CUST_02115,0
CUST_02116,4
CUST_02117,4
CUST_02118,0
CUST_02119,0
CUST_02120,0
CUST_02121,2
CUST_02122,1
CUST_02123,1
CUST_02124,4
CUST_02125,4
CUST_02126,1
CUST_02127,2
CUST_02128,2
CUST_02129,4
CUST_02130,4
CUST_02131,2
CUST_02132,1
CUST_02133,0
CUST_02134,2
CUST_02135,2
CUST_02136,4
CUST_02137,4
CUST_02138,2
CUST_02139,2
CUST_02140,0
CUST_02141,1
CUST_02142,2
CUST_02143,2
CUST_02144,0
CUST_02145,4
CUST_02146,4
CUST_02147,0
CUST_02148,2
CUST_02149,2
CUST_02150,2
CUST_02151,2
CUST_02152,0
CUST_02153,2
CUST_02154,0
CUST_02155,0
CUST_02156,2
CUST_02157,0
CUST_02158,4
CUST_02159,0
CUST_02160,1
CUST_02161,0
CUST_02162,2
CUST_02163,3
CUST_02164,2
CUST_02165,0
CUST_02166,1
CUST_02167,2
CUST_02168,2
CUST_02169,2
CUST_02170,2
CUST_02171,4
CUST_02172,1
CUST_02173,2
CUST_02174,0
CUST_02175,0
CUST_02176,1
CUST_02177,2
CUST_02178,1
CUST_02179,4
CUST_02180,0
CUST_02181,2
CUST_02182,0
CUST_02183,0
CUST_02184,2
CUST_02185,2
CUST_02186,0
CUST_02187,2
CUST_02188,2
CUST_02189,2
CUST_02190,1
CUST_02191,2
CUST_02192,4
CUST_02193,0
CUST_02194,2
CUST_02195,1
CUST_02196,4
CUST_02197,0
CUST_02198,2
CUST_02199,4
CUST_02200,2
CUST_02201,2
CUST_02202,2
CUST_02203,2
CUST_02204,2
CUST_02205,4
CUST_02206,0
CUST_02207,0
CUST_02208,4
CUST_02209,4
CUST_02210,4
CUST_02211,0
CUST_02212,2
CUST_02213,2
CUST_02214,2
CUST_02215,0
CUST_02216,1
CUST_02217,4
CUST_02218,0
CUST_02219,4
CUST_02220,2
CUST_02221,2
CUST_02222,4
CUST_02223,2
CUST_02224,2
CUST_02225,2
CUST_02226,4
CUST_02227,2
CUST_02228,3
CUST_02229,0
CUST_02230,1
CUST_02231,2
CUST_02232,2
CUST_02233,0
CUST_02234,4
CUST_02235,1
CUST_02236,1
CUST_02237,4
CUST_02238,4
CUST_02239,2
CUST_02240,4
CUST_02241,1
CUST_02242,0
CUST_02243,4
CUST_02244,4
CUST_02245,4
CUST_02246,0
CUST_02247,4
CUST_02248,0
CUST_02249,2
CUST_02250,4
CUST_02251,2
CUST_02252,4
CUST_02253,1
CUST_02254,0
CUST_02255,2
CUST_02256,2
CUST_02257,4
CUST_02258,2
CUST_02259,2
CUST_02260,4
CUST_02261,4
CUST_02262,1
CUST_02263,2
CUST_02264,0
CUST_02265,2
CUST_02266,0
CUST_02267,4
CUST_02268,0
CUST_02269,2
CUST_02270,3
CUST_02271,4
CUST_02272,4
CUST_02273,0
CUST_02274,2
CUST_02275,2
CUST_02276,4
CUST_02277,1
CUST_02278,1
CUST_02279,2
CUST_02280,2
CUST_02281,0
CUST_02282,3
CUST_02283,2
CUST_02284,2
CUST_02285,2
CUST_02286,2
CUST_02287,2
CUST_02288,2
CUST_02289,1
CUST_02290,2
CUST_02291,4
CUST_02292,2
CUST_02293,0
CUST_02294,2
CUST_02295,0
CUST_02296,0
CUST_02297,0
CUST_02298,2
CUST_02299,2
CUST_02300,2
CUST_02301,0
CUST_02302,2
CUST_02303,2
CUST_02304,0
CUST_02305,2
CUST_02306,4
CUST_02307,1
CUST_02308,0
CUST_02309,4
CUST_02310,0
CUST_02311,2
CUST_02312,2
CUST_02313,2
CUST_02314,2
CUST_02315,2
CUST_02316,2
CUST_02317,4
CUST_02318,2
CUST_02319,4
CUST_02320,0
CUST_02321,0
CUST_02322,4
CUST_02323,2
CUST_02324,2
CUST_02325,4
CUST_02326,2
CUST_02327,1
CUST_02328,4
CUST_02329,2
CUST_02330,2
CUST_02331,2
CUST_02332,2
CUST_02333,2
CUST_02334,2
CUST_02335,4
CUST_02336,4
CUST_02337,4
CUST_02338,4
CUST_02339,2
CUST_02340,4
CUST_02341,4
CUST_02342,4
CUST_02343,0
CUST_02344,0
CUST_02345,2
CUST_02346,2
CUST_02347,2
CUST_02348,2
CUST_02349,1
CUST_02350,2
CUST_02351,2
CUST_02352,0
CUST_02353,2
CUST_02354,2
CUST_02355,0
CUST_02356,0
CUST_02357,4
CUST_02358,0
CUST_02359,0
CUST_02360,2
CUST_02361,2
CUST_02362,1
CUST_02363,2
CUST_02364,3
CUST_02365,2
CUST_02366,2
CUST_02367,0
CUST_02368,2
CUST_02369,2
CUST_02370,4
CUST_02371,0
CUST_02372,2
CUST_02373,0
CUST_02374,0
CUST_02375,2
CUST_02376,4
CUST_02377,4
CUST_02378,2
CUST_02379,2
CUST_02380,0
CUST_02381,4
CUST_02382,0
CUST_02383,2
CUST_02384,2
CUST_02385,4
CUST_02386,3
CUST_02387,2
CUST_02388,2
CUST_02389,4
CUST_02390,0
CUST_02391,0
CUST_02392,2
CUST_02393,0
CUST_02394,4
CUST_02395,4
CUST_02396,0
CUST_02397,2
CUST_02398,1
CUST_02399,4
CUST_02400,2
CUST_02401,4
CUST_02402,4
CUST_02403,4
CUST_02404,4
CUST_02405,2
CUST_02406,0
CUST_02407,2
CUST_02408,2
CUST_02409,4
CUST_02410,2
CUST_02411,2
CUST_02412,2
CUST_02413,4
CUST_02414,0
CUST_02415,4
CUST_02416,0
CUST_02417,2
CUST_02418,2
CUST_02419,4
CUST_02420,2
CUST_02421,2
CUST_02422,4
CUST_02423,1
CUST_02424,4
CUST_02425,0
CUST_02426,1
CUST_02427,0
CUST_02428,2
CUST_02429,0
CUST_02430,2
CUST_02431,2
CUST_02432,4
CUST_02433,4
CUST_02434,4
CUST_02435,0
CUST_02436,4
CUST_02437,4
CUST_02438,2
CUST_02439,0
CUST_02440,4
CUST_02441,4
CUST_02442,4
CUST_02443,0
CUST_02444,2
CUST_02445,4
CUST_02446,4
CUST_02447,4
CUST_02448,4
CUST_02449,0
CUST_02450,2
CUST_02451,0
CUST_02452,0
CUST_02453,4
CUST_02454,2
CUST_02455,0
CUST_02456,4
CUST_02457,2
CUST_02458,4
CUST_02459,4
CUST_02460,1
CUST_02461,2
CUST_02462,0
CUST_02463,0
CUST_02464,2
CUST_02465,0
CUST_02466,2
CUST_02467,4
CUST_02468,0
CUST_02469,4
CUST_02470,0
CUST_02471,0
CUST_02472,1
CUST_02473,2
CUST_02474,0
CUST_02475,2
CUST_02476,4
CUST_02477,4
CUST_02478,1
CUST_02479,4
CUST_02480,3
CUST_02481,2
CUST_02482,1
CUST_02483,0
CUST_02484,2
CUST_02485,2
CUST_02486,2
CUST_02487,2
CUST_02488,0
CUST_02489,1
CUST_02490,4
CUST_02491,2
CUST_02492,1
CUST_02493,1
CUST_02494,4
CUST_02495,1
CUST_02496,2
CUST_02497,3
CUST_02498,0
CUST_02499,2
CUST_02500,2
CUST_02501,2
CUST_02502,2
CUST_02503,4
CUST_02504,0
CUST_02505,2
CUST_02506,2
CUST_02507,2
CUST_02508,4
CUST_02509,2
CUST_02510,0
CUST_02511,1
CUST_02512,2
CUST_02513,4
CUST_02514,1
CUST_02515,1
CUST_02516,1
CUST_02517,2
CUST_02518,4
CUST_02519,0
CUST_02520,2
CUST_02521,1
CUST_02522,2
CUST_02523,0
CUST_02524,2
CUST_02525,1
CUST_02526,0
CUST_02527,2
CUST_02528,4
CUST_02529,1
CUST_02530,2
CUST_02531,4
CUST_02532,0
CUST_02533,4
CUST_02534,2
CUST_02535,2
CUST_02536,4
CUST_02537,1
CUST_02538,2
CUST_02539,2
CUST_02540,2
CUST_02541,4
CUST_02542,4
CUST_02543,1
CUST_02544,2
CUST_02545,1
CUST_02546,2
CUST_02547,2
CUST_02548,2
CUST_02549,4
CUST_02550,4
CUST_02551,0
CUST_02552,2
CUST_02553,4
CUST_02554,2
CUST_02555,2
CUST_02556,4
CUST_02557,4
CUST_02558,0
CUST_02559,0
CUST_02560,1
CUST_02561,2
CUST_02562,2
CUST_02563,4
CUST_02564,2
CUST_02565,2
CUST_02566,1
CUST_02567,4
CUST_02568,2
CUST_02569,0
CUST_02570,0
CUST_02571,2
CUST_02572,2
CUST_02573,2
CUST_02574,2
CUST_02575,4
CUST_02576,4
CUST_02577,4
CUST_02578,2
CUST_02579,3
CUST_02580,0
CUST_02581,4
CUST_02582,3
CUST_02583,2
CUST_02584,2
CUST_02585,1
CUST_02586,4
CUST_02587,2
CUST_02588,4
CUST_02589,2
CUST_02590,0
CUST_02591,4
CUST_02592,2
CUST_02593,4
CUST_02594,4
CUST_02595,4
CUST_02596,1
CUST_02597,4
CUST_02598,1
CUST_02599,2
CUST_02600,4
CUST_02601,2
CUST_02602,0
CUST_02603,2
CUST_02604,1
CUST_02605,0
CUST_02606,4
CUST_02607,1
CUST_02608,2
CUST_02609,2
CUST_02610,2
CUST_02611,4
CUST_02612,2
CUST_02613,4
CUST_02614,2
CUST_02615,4
CUST_02616,0
CUST_02617,2
CUST_02618,0
CUST_02619,2
CUST_02620,0
CUST_02621,2
CUST_02622,4
CUST_02623,4
CUST_02624,0
CUST_02625,0
CUST_02626,2
CUST_02627,4
CUST_02628,4
CUST_02629,2
CUST_02630,2
CUST_02631,0
CUST_02632,0
CUST_02633,4
CUST_02634,2
CUST_02635,0
CUST_02636,4
CUST_02637,4
CUST_02638,4
CUST_02639,0
CUST_02640,2
CUST_02641,2
CUST_02642,0
CUST_02643,2
CUST_02644,1
CUST_02645,2
CUST_02646,0
CUST_02647,2
CUST_02648,0
CUST_02649,2
CUST_02650,4
CUST_02651,0
CUST_02652,4
CUST_02653,4
CUST_02654,4
CUST_02655,4
CUST_02656,4
CUST_02657,0
CUST_02658,2
CUST_02659,4
CUST_02660,4
CUST_02661,4
CUST_02662,4
CUST_02663,1
CUST_02664,2
CUST_02665,4
CUST_02666,2
CUST_02667,1
CUST_02668,0
CUST_02669,2
CUST_02670,0
CUST_02671,2
CUST_02672,4
CUST_02673,4
CUST_02674,0
CUST_02675,4
CUST_02676,2
CUST_02677,1
CUST_02678,1
CUST_02679,0
CUST_02680,2
CUST_02681,2
CUST_02682,1
CUST_02683,2
CUST_02684,4
CUST_02685,1
CUST_02686,2
CUST_02687,4
CUST_02688,4
CUST_02689,4
CUST_02690,4
CUST_02691,1
CUST_02692,1
CUST_02693,4
CUST_02694,1
CUST_02695,0
CUST_02696,4
CUST_02697,4
CUST_02698,4
CUST_02699,2
CUST_02700,0
CUST_02701,2
CUST_02702,2
CUST_02703,2
CUST_02704,2
CUST_02705,2
CUST_02706,4
CUST_02707,4
CUST_02708,4
CUST_02709,2
CUST_02710,2
CUST_02711,2
CUST_02712,4
CUST_02713,2
CUST_02714,1
CUST_02715,4
CUST_02716,0
CUST_02717,2
CUST_02718,4
CUST_02719,0
CUST_02720,4
CUST_02721,2
CUST_02722,4
CUST_02723,4
CUST_02724,4
CUST_02725,1
CUST_02726,1
CUST_02727,2
CUST_02728,0
CUST_02729,2
CUST_02730,1
CUST_02731,2
CUST_02732,1
CUST_02733,1
CUST_02734,2
CUST_02735,2
CUST_02736,3
CUST_02737,4
CUST_02738,0
CUST_02739,3
CUST_02740,2
CUST_02741,0
CUST_02742,1
CUST_02743,4
CUST_02744,4
CUST_02745,2
CUST_02746,2
CUST_02747,2
CUST_02748,0
CUST_02749,2
CUST_02750,2
CUST_02751,2
CUST_02752,2
CUST_02753,2
CUST_02754,2
CUST_02755,2
CUST_02756,1
CUST_02757,2
CUST_02758,4
CUST_02759,3
CUST_02760,1
CUST_02761,2
CUST_02762,2
CUST_02763,4
CUST_02764,2
CUST_02765,2
CUST_02766,4
CUST_02767,2
CUST_02768,2
CUST_02769,2
CUST_02770,2
CUST_02771,2
CUST_02772,4
CUST_02773,4
CUST_02774,1
CUST_02775,0
CUST_02776,4
CUST_02777,4
CUST_02778,0
CUST_02779,0
CUST_02780,2
CUST_02781,4
CUST_02782,4
CUST_02783,4
CUST_02784,1
CUST_02785,4
CUST_02786,2
CUST_02787,0
CUST_02788,4
CUST_02789,2
CUST_02790,2
CUST_02791,4
CUST_02792,0
CUST_02793,4
CUST_02794,1
CUST_02795,2
CUST_02796,1
CUST_02797,2
CUST_02798,4
CUST_02799,2
CUST_02800,2
CUST_02801,1
CUST_02802,1
CUST_02803,2
CUST_02804,0
CUST_02805,0
CUST_02806,2
CUST_02807,2
CUST_02808,2
CUST_02809,2
CUST_02810,2
CUST_02811,2
CUST_02812,2
CUST_02813,4
CUST_02814,0
CUST_02815,2
CUST_02816,4
CUST_02817,1
CUST_02818,4
CUST_02819,2
CUST_02820,2
CUST_02821,1
CUST_02822,0
CUST_02823,0
CUST_02824,4
CUST_02825,0
CUST_02826,0
CUST_02827,0
CUST_02828,2
CUST_02829,0
CUST_02830,2
CUST_02831,4
CUST_02832,0
CUST_02833,2
CUST_02834,2
CUST_02835,4
CUST_02836,2
CUST_02837,1
CUST_02838,0
CUST_02839,4
CUST_02840,4
CUST_02841,2
CUST_02842,1
CUST_02843,2
CUST_02844,0
CUST_02845,2
CUST_02846,1
CUST_02847,4
CUST_02848,2
CUST_02849,0
CUST_02850,2
CUST_02851,0
CUST_02852,4
CUST_02853,0
CUST_02854,2
CUST_02855,4
CUST_02856,4
CUST_02857,0
CUST_02858,1
CUST_02859,4
CUST_02860,2
CUST_02861,1
CUST_02862,1
CUST_02863,0
CUST_02864,0
CUST_02865,0
CUST_02866,2
CUST_02867,2
CUST_02868,0
CUST_02869,2
CUST_02870,2
CUST_02871,0
CUST_02872,4
CUST_02873,4
CUST_02874,2
CUST_02875,1
CUST_02876,3
CUST_02877,0
CUST_02878,2
CUST_02879,2
CUST_02880,1
CUST_02881,1
CUST_02882,0
CUST_02883,2
CUST_02884,4
CUST_02885,2
CUST_02886,4
CUST_02887,2
CUST_02888,0
CUST_02889,2
CUST_02890,2
CUST_02891,4
CUST_02892,2
CUST_02893,2
CUST_02894,4
CUST_02895,2
CUST_02896,4
CUST_02897,0
CUST_02898,2
CUST_02899,0
CUST_02900,1
CUST_02901,2
CUST_02902,2
CUST_02903,2
CUST_02904,4
CUST_02905,2
CUST_02906,2
CUST_02907,4
CUST_02908,4
CUST_02909,2
CUST_02910,0
CUST_02911,4
CUST_02912,4
CUST_02913,4
CUST_02914,0
CUST_02915,2
CUST_02916,2
CUST_02917,2
CUST_02918,2
CUST_02919,3
CUST_02920,1
CUST_02921,4
CUST_02922,0
CUST_02923,2
CUST_02924,4
CUST_02925,4
CUST_02926,2
CUST_02927,2
CUST_02928,4
CUST_02929,0
CUST_02930,2
CUST_02931,1
CUST_02932,2
CUST_02933,1
CUST_02934,0
CUST_02935,0
CUST_02936,2
CUST_02937,2
CUST_02938,4
CUST_02939,2
CUST_02940,2
CUST_02941,2
CUST_02942,0
CUST_02943,0
CUST_02944,0
CUST_02945,4
CUST_02946,2
CUST_02947,2
CUST_02948,0
CUST_02949,0
CUST_02950,4
CUST_02951,4
CUST_02952,2
CUST_02953,2
CUST_02954,4
CUST_02955,0
CUST_02956,4
CUST_02957,2
CUST_02958,2
CUST_02959,4
CUST_02960,4
CUST_02961,1
CUST_02962,2
CUST_02963,3
CUST_02964,1
CUST_02965,0
CUST_02966,0
CUST_02967,2
CUST_02968,0
CUST_02969,1
CUST_02970,2
CUST_02971,2
CUST_02972,2
CUST_02973,4
CUST_02974,0
CUST_02975,2
CUST_02976,2
CUST_02977,1
CUST_02978,4
CUST_02979,4
CUST_02980,4
CUST_02981,2
CUST_02982,1
CUST_02983,0
CUST_02984,4
CUST_02985,4
CUST_02986,2
CUST_02987,1
CUST_02988,0
CUST_02989,0
CUST_02990,4
CUST_02991,1
CUST_02992,4
CUST_02993,1
CUST_02994,4
CUST_02995,4
CUST_02996,4
CUST_02997,2
CUST_02998,2
CUST_02999,2
CUST_03000,3
CUST_03001,4
CUST_03002,0
CUST_03003,2
CUST_03004,0
CUST_03005,4
CUST_03006,2
CUST_03007,2
CUST_03008,4
CUST_03009,2
CUST_03010,2
CUST_03011,4
CUST_03012,4
CUST_03013,2
CUST_03014,0
CUST_03015,4
CUST_03016,4
CUST_03017,4
CUST_03018,2
CUST_03019,4
CUST_03020,0
CUST_03021,4
CUST_03022,4
CUST_03023,2
CUST_03024,0
CUST_03025,2
CUST_03026,2
CUST_03027,0
CUST_03028,1
CUST_03029,0
CUST_03030,4
CUST_03031,2
CUST_03032,0
CUST_03033,4
CUST_03034,2
CUST_03035,4
CUST_03036,4
CUST_03037,0
CUST_03038,4
CUST_03039,2
CUST_03040,1
CUST_03041,4
CUST_03042,4
CUST_03043,4
CUST_03044,2
CUST_03045,2
CUST_03046,0
CUST_03047,2
CUST_03048,4
CUST_03049,2
CUST_03050,4
CUST_03051,4
CUST_03052,0
CUST_03053,1
CUST_03054,4
CUST_03055,0
CUST_03056,0
CUST_03057,2
CUST_03058,1
CUST_03059,4
CUST_03060,0
CUST_03061,4
CUST_03062,0
CUST_03063,1
CUST_03064,2
CUST_03065,1
CUST_03066,0
CUST_03067,0
CUST_03068,0
CUST_03069,4
CUST_03070,0
CUST_03071,2
CUST_03072,4
CUST_03073,2
CUST_03074,1
CUST_03075,4
CUST_03076,2
CUST_03077,4
CUST_03078,2
CUST_03079,4
CUST_03080,0
CUST_03081,0
CUST_03082,2
CUST_03083,4
CUST_03084,4
CUST_03085,0
CUST_03086,1
CUST_03087,1
CUST_03088,2
CUST_03089,2
CUST_03090,0
CUST_03091,4
CUST_03092,0
CUST_03093,1
CUST_03094,0
CUST_03095,2
CUST_03096,2
CUST_03097,0
CUST_03098,2
CUST_03099,2
CUST_03100,4
CUST_03101,2
CUST_03102,2
CUST_03103,2
CUST_03104,0
CUST_03105,0
CUST_03106,2
CUST_03107,2
CUST_03108,2
CUST_03109,4
CUST_03110,3
CUST_03111,2
CUST_03112,2
CUST_03113,4
CUST_03114,0
CUST_03115,3
CUST_03116,4
CUST_03117,2
CUST_03118,4
CUST_03119,1
CUST_03120,4
CUST_03121,2
CUST_03122,2
CUST_03123,2
CUST_03124,0
CUST_03125,1
CUST_03126,0
CUST_03127,3
CUST_03128,2
CUST_03129,2
CUST_03130,0
CUST_03131,1
CUST_03132,2
CUST_03133,4
CUST_03134,4
CUST_03135,0
CUST_03136,4
CUST_03137,2
CUST_03138,1
CUST_03139,4
CUST_03140,0
CUST_03141,2
CUST_03142,2
CUST_03143,2
CUST_03144,0
CUST_03145,4
CUST_03146,2
CUST_03147,0
CUST_03148,0
CUST_03149,2
CUST_03150,2
CUST_03151,2
CUST_03152,2
CUST_03153,1
CUST_03154,4
CUST_03155,2
CUST_03156,4
CUST_03157,2
CUST_03158,4
CUST_03159,2
CUST_03160,1
CUST_03161,4
CUST_03162,2
CUST_03163,0
CUST_03164,2
CUST_03165,2
CUST_03166,2
CUST_03167,2
CUST_03168,2
CUST_03169,1
CUST_03170,2
CUST_03171,2
CUST_03172,2
CUST_03173,1
CUST_03174,2
CUST_03175,2
CUST_03176,2
CUST_03177,4
CUST_03178,0
CUST_03179,4
CUST_03180,4
CUST_03181,0
CUST_03182,2
CUST_03183,0
CUST_03184,0
CUST_03185,4
CUST_03186,4
CUST_03187,2
CUST_03188,4
CUST_03189,4
CUST_03190,4
CUST_03191,4
CUST_03192,2
CUST_03193,4
CUST_03194,0
CUST_03195,4
CUST_03196,2
CUST_03197,4
CUST_03198,2
CUST_03199,0
CUST_03200,4
CUST_03201,2
CUST_03202,1
CUST_03203,2
CUST_03204,4
CUST_03205,2
CUST_03206,1
CUST_03207,2
CUST_03208,4
CUST_03209,4
CUST_03210,0
CUST_03211,0
CUST_03212,4
CUST_03213,1
CUST_03214,4
CUST_03215,1
CUST_03216,1
CUST_03217,2
CUST_03218,3
CUST_03219,3
CUST_03220,2
CUST_03221,4
CUST_03222,4
CUST_03223,2
CUST_03224,2
CUST_03225,4
CUST_03226,2
CUST_03227,1
CUST_03228,2
CUST_03229,4
CUST_03230,2
CUST_03231,0
CUST_03232,2
CUST_03233,4
CUST_03234,4
CUST_03235,4
CUST_03236,4
CUST_03237,4
CUST_03238,2
CUST_03239,4
CUST_03240,2
CUST_03241,2
CUST_03242,0
CUST_03243,1
CUST_03244,0
CUST_03245,4
CUST_03246,2
CUST_03247,2
CUST_03248,2
CUST_03249,2
CUST_03250,1
CUST_03251,4
CUST_03252,2
CUST_03253,4
CUST_03254,0
CUST_03255,4
CUST_03256,4
CUST_03257,4
CUST_03258,4
CUST_03259,2
CUST_03260,2
CUST_03261,2
CUST_03262,0
CUST_03263,0
CUST_03264,0
CUST_03265,1
CUST_03266,2
CUST_03267,4
CUST_03268,1
CUST_03269,2
CUST_03270,4
CUST_03271,1
CUST_03272,1
CUST_03273,1
CUST_03274,2
CUST_03275,4
CUST_03276,4
CUST_03277,2
CUST_03278,4
CUST_03279,0
CUST_03280,4
CUST_03281,2
CUST_03282,2
CUST_03283,0
CUST_03284,0
CUST_03285,2
CUST_03286,1
CUST_03287,4
CUST_03288,4
CUST_03289,0
CUST_03290,4
CUST_03291,4
CUST_03292,4
CUST_03293,1
CUST_03294,4
CUST_03295,2
CUST_03296,2
CUST_03297,0
CUST_03298,2
CUST_03299,4
CUST_03300,1
CUST_03301,4
CUST_03302,4
CUST_03303,2
CUST_03304,4
CUST_03305,4
CUST_03306,0
CUST_03307,0
CUST_03308,2
CUST_03309,0
CUST_03310,2
CUST_03311,4
CUST_03312,2
CUST_03313,1
CUST_03314,0
CUST_03315,2
CUST_03316,1
CUST_03317,2
CUST_03318,2
CUST_03319,4
CUST_03320,0
CUST_03321,1
CUST_03322,2
CUST_03323,2
CUST_03324,2
CUST_03325,0
CUST_03326,0
CUST_03327,2
CUST_03328,4
CUST_03329,2
CUST_03330,1
CUST_03331,0
CUST_03332,4
CUST_03333,1
CUST_03334,2
CUST_03335,0
CUST_03336,4
CUST_03337,4
CUST_03338,1
CUST_03339,4
CUST_03340,1
CUST_03341,2
CUST_03342,1
CUST_03343,2
CUST_03344,4
CUST_03345,0
CUST_03346,0
CUST_03347,4
CUST_03348,2
CUST_03349,0
CUST_03350,0
CUST_03351,2
CUST_03352,1
CUST_03353,0
CUST_03354,2
CUST_03355,2
CUST_03356,4
CUST_03357,0
CUST_03358,0
CUST_03359,4
CUST_03360,3
CUST_03361,4
CUST_03362,0
CUST_03363,2
CUST_03364,0
CUST_03365,2
CUST_03366,2
CUST_03367,4
CUST_03368,0
CUST_03369,2
CUST_03370,0
CUST_03371,0
CUST_03372,0
CUST_03373,2
CUST_03374,2
CUST_03375,2
CUST_03376,0
CUST_03377,1
CUST_03378,4
CUST_03379,4
CUST_03380,2
CUST_03381,4
CUST_03382,4
CUST_03383,1
CUST_03384,4
CUST_03385,0
CUST_03386,4
CUST_03387,2
CUST_03388,2
CUST_03389,0
CUST_03390,4
CUST_03391,2
CUST_03392,2
CUST_03393,0
CUST_03394,0
CUST_03395,4
CUST_03396,1
CUST_03397,4
CUST_03398,2
CUST_03399,4
CUST_03400,4
CUST_03401,2
CUST_03402,1
CUST_03403,4
CUST_03404,2
CUST_03405,2
CUST_03406,4
CUST_03407,2
CUST_03408,2
CUST_03409,2
CUST_03410,2
CUST_03411,2
CUST_03412,2
CUST_03413,2
CUST_03414,0
CUST_03415,0
CUST_03416,2
CUST_03417,1
CUST_03418,4
CUST_03419,1
CUST_03420,0
CUST_03421,0
CUST_03422,2
CUST_03423,4
CUST_03424,0
CUST_03425,4
CUST_03426,1
CUST_03427,4
CUST_03428,2
CUST_03429,2
CUST_03430,0
CUST_03431,1
CUST_03432,2
CUST_03433,2
CUST_03434,4
CUST_03435,0
CUST_03436,2
CUST_03437,2
CUST_03438,2
CUST_03439,2
CUST_03440,4
CUST_03441,2
CUST_03442,4
CUST_03443,4
CUST_03444,4
CUST_03445,2
CUST_03446,2
CUST_03447,4
CUST_03448,2
CUST_03449,0
CUST_03450,1
CUST_03451,4
CUST_03452,2
CUST_03453,4
CUST_03454,2
CUST_03455,1
CUST_03456,2
CUST_03457,2
CUST_03458,0
CUST_03459,0
CUST_03460,0
CUST_03461,2
CUST_03462,0
CUST_03463,1
CUST_03464,2
CUST_03465,4
CUST_03466,0
CUST_03467,4
CUST_03468,2
CUST_03469,4
CUST_03470,2
CUST_03471,2
CUST_03472,4
CUST_03473,0
CUST_03474,4
CUST_03475,2
CUST_03476,0
CUST_03477,4
CUST_03478,2
CUST_03479,1
CUST_03480,4
CUST_03481,2
CUST_03482,1
CUST_03483,2
CUST_03484,2
CUST_03485,1
CUST_03486,0
CUST_03487,4
CUST_03488,2
CUST_03489,1
CUST_03490,2
CUST_03491,4
CUST_03492,2
CUST_03493,0
CUST_03494,0
CUST_03495,2
CUST_03496,2
CUST_03497,2
CUST_03498,4
CUST_03499,2
CUST_03500,2
CUST_03501,4
CUST_03502,2
CUST_03503,0
CUST_03504,0
CUST_03505,2
CUST_03506,4
CUST_03507,4
CUST_03508,1
CUST_03509,0
CUST_03510,1
CUST_03511,0
CUST_03512,4
CUST_03513,4
CUST_03514,2
CUST_03515,2
CUST_03516,3
CUST_03517,2
CUST_03518,2
CUST_03519,4
CUST_03520,4
CUST_03521,0
CUST_03522,2
CUST_03523,1
CUST_03524,2
CUST_03525,0
CUST_03526,0
CUST_03527,2
CUST_03528,0
CUST_03529,0
CUST_03530,2
CUST_03531,2
CUST_03532,2
CUST_03533,2
CUST_03534,4
CUST_03535,2
CUST_03536,0
CUST_03537,2
CUST_03538,2
CUST_03539,2
CUST_03540,1
CUST_03541,2
CUST_03542,2
CUST_03543,4
CUST_03544,4
CUST_03545,0
CUST_03546,4
CUST_03547,4
CUST_03548,0
CUST_03549,2
CUST_03550,2
CUST_03551,0
CUST_03552,4
CUST_03553,2
CUST_03554,2
CUST_03555,0
CUST_03556,2
CUST_03557,0
CUST_03558,2
CUST_03559,2
CUST_03560,2
CUST_03561,2
CUST_03562,2
CUST_03563,2
CUST_03564,2
CUST_03565,2
CUST_03566,0
CUST_03567,2
CUST_03568,0
CUST_03569,0
CUST_03570,2
CUST_03571,2
CUST_03572,0
CUST_03573,2
CUST_03574,2
CUST_03575,2
CUST_03576,2
CUST_03577,4
CUST_03578,2
CUST_03579,0
CUST_03580,2
CUST_03581,2
CUST_03582,2
CUST_03583,2
CUST_03584,2
CUST_03585,2
CUST_03586,2
CUST_03587,4
CUST_03588,2
CUST_03589,2
CUST_03590,4
CUST_03591,2
CUST_03592,2
CUST_03593,4
CUST_03594,2
CUST_03595,4
CUST_03596,2
CUST_03597,2
CUST_03598,2
CUST_03599,4
CUST_03600,1
CUST_03601,4
CUST_03602,2
CUST_03603,4
CUST_03604,2
CUST_03605,4
CUST_03606,0
CUST_03607,4
CUST_03608,4
CUST_03609,2
CUST_03610,3
CUST_03611,4
CUST_03612,2
CUST_03613,2
CUST_03614,2
CUST_03615,4
CUST_03616,2
CUST_03617,4
CUST_03618,1
CUST_03619,2
CUST_03620,2
CUST_03621,4
CUST_03622,2
CUST_03623,4
CUST_03624,2
CUST_03625,4
CUST_03626,1
CUST_03627,0
CUST_03628,0
CUST_03629,2
CUST_03630,1
CUST_03631,4
CUST_03632,2
CUST_03633,4
CUST_03634,2
CUST_03635,1
CUST_03636,2
CUST_03637,2
CUST_03638,4
CUST_03639,2
CUST_03640,0
CUST_03641,4
CUST_03642,0
CUST_03643,2
CUST_03644,4
CUST_03645,2
CUST_03646,4
CUST_03647,2
CUST_03648,2
CUST_03649,0
CUST_03650,0
CUST_03651,2
CUST_03652,2
CUST_03653,4
CUST_03654,2
CUST_03655,4
CUST_03656,2
CUST_03657,2
CUST_03658,4
CUST_03659,4
CUST_03660,4
CUST_03661,2
CUST_03662,0
CUST_03663,0
CUST_03664,2
CUST_03665,2
CUST_03666,4
CUST_03667,1
CUST_03668,2
CUST_03669,2
CUST_03670,1
CUST_03671,4
CUST_03672,1
CUST_03673,2
CUST_03674,4
CUST_03675,2
CUST_03676,0
CUST_03677,4
CUST_03678,0
CUST_03679,2
CUST_03680,2
CUST_03681,2
CUST_03682,2
CUST_03683,2
CUST_03684,2
CUST_03685,1
CUST_03686,4
CUST_03687,4
CUST_03688,4
CUST_03689,4
CUST_03690,1
CUST_03691,2
CUST_03692,0
CUST_03693,0
CUST_03694,2
CUST_03695,2
CUST_03696,0
CUST_03697,2
CUST_03698,4
CUST_03699,0
CUST_03700,2
CUST_03701,0
CUST_03702,4
CUST_03703,4
CUST_03704,2
CUST_03705,2
CUST_03706,4
CUST_03707,4
CUST_03708,2
CUST_03709,2
CUST_03710,4
CUST_03711,2
CUST_03712,4
CUST_03713,4
CUST_03714,0
CUST_03715,2
CUST_03716,0
CUST_03717,2
CUST_03718,2
CUST_03719,1
CUST_03720,4
CUST_03721,4
CUST_03722,2
CUST_03723,2
CUST_03724,0
CUST_03725,2
CUST_03726,0
CUST_03727,2
CUST_03728,4
CUST_03729,2
CUST_03730,2
CUST_03731,4
CUST_03732,1
CUST_03733,2
CUST_03734,0
CUST_03735,4
CUST_03736,2
CUST_03737,0
CUST_03738,2
CUST_03739,4
CUST_03740,4
CUST_03741,2
CUST_03742,0
CUST_03743,0
CUST_03744,2
CUST_03745,1
CUST_03746,1
CUST_03747,2
CUST_03748,4
CUST_03749,4
CUST_03750,0
CUST_03751,1
CUST_03752,4
CUST_03753,0
CUST_03754,4
CUST_03755,1
CUST_03756,2
CUST_03757,0
CUST_03758,4
CUST_03759,2
CUST_03760,4
CUST_03761,2
CUST_03762,0
CUST_03763,2
CUST_03764,0
CUST_03765,4
CUST_03766,1
CUST_03767,2
CUST_03768,4
CUST_03769,4
CUST_03770,2
CUST_03771,0
CUST_03772,0
CUST_03773,4
CUST_03774,0
CUST_03775,1
CUST_03776,1
CUST_03777,2
CUST_03778,4
CUST_03779,4
CUST_03780,0
CUST_03781,4
CUST_03782,4
CUST_03783,4
CUST_03784,2
CUST_03785,2
CUST_03786,2
CUST_03787,2
CUST_03788,2
CUST_03789,0
CUST_03790,1
CUST_03791,4
CUST_03792,0
CUST_03793,4
CUST_03794,0
CUST_03795,0
CUST_03796,2
CUST_03797,2
CUST_03798,2
CUST_03799,4
CUST_03800,2
CUST_03801,2
CUST_03802,0
CUST_03803,4
CUST_03804,1
CUST_03805,4
CUST_03806,2
CUST_03807,2
CUST_03808,4
CUST_03809,2
CUST_03810,4
CUST_03811,2
CUST_03812,0
CUST_03813,4
CUST_03814,2
CUST_03815,2
CUST_03816,0
CUST_03817,2
CUST_03818,2
CUST_03819,4
CUST_03820,2
CUST_03821,0
CUST_03822,2
CUST_03823,4
CUST_03824,4
CUST_03825,4
CUST_03826,4
CUST_03827,1
CUST_03828,2
CUST_03829,1
CUST_03830,4
CUST_03831,0
CUST_03832,4
CUST_03833,1
CUST_03834,4
CUST_03835,4
CUST_03836,2
CUST_03837,1
CUST_03838,2
CUST_03839,2
CUST_03840,0
CUST_03841,2
CUST_03842,0
CUST_03843,2
CUST_03844,1
CUST_03845,4
CUST_03846,0
CUST_03847,4
CUST_03848,4
CUST_03849,2
CUST_03850,2
CUST_03851,4
CUST_03852,2
CUST_03853,4
CUST_03854,2
CUST_03855,4
CUST_03856,4
CUST_03857,0
CUST_03858,2
CUST_03859,2
CUST_03860,2
CUST_03861,4
CUST_03862,2
CUST_03863,4
CUST_03864,4
CUST_03865,4
CUST_03866,0
CUST_03867,2
CUST_03868,0
CUST_03869,2
CUST_03870,4
CUST_03871,2
CUST_03872,0
CUST_03873,4
CUST_03874,0
CUST_03875,4
CUST_03876,2
CUST_03877,0
CUST_03878,2
CUST_03879,4
CUST_03880,1
CUST_03881,4
CUST_03882,2
CUST_03883,1
CUST_03884,2
CUST_03885,2
CUST_03886,2
CUST_03887,0
CUST_03888,1
CUST_03889,0
CUST_03890,4
CUST_03891,2
CUST_03892,2
CUST_03893,0
CUST_03894,1
CUST_03895,2
CUST_03896,2
CUST_03897,4
CUST_03898,2
CUST_03899,0
CUST_03900,0
CUST_03901,4
CUST_03902,2
CUST_03903,4
CUST_03904,4
CUST_03905,4
CUST_03906,4
CUST_03907,0
CUST_03908,0
CUST_03909,1
CUST_03910,4
CUST_03911,2
CUST_03912,4
CUST_03913,2
CUST_03914,2
CUST_03915,2
CUST_03916,2
CUST_03917,2
CUST_03918,0
CUST_03919,4
CUST_03920,2
CUST_03921,0
CUST_03922,1
CUST_03923,4
CUST_03924,4
CUST_03925,0
CUST_03926,4
CUST_03927,4
CUST_03928,4
CUST_03929,2
CUST_03930,3
CUST_03931,0
CUST_03932,0
CUST_03933,2
CUST_03934,2
CUST_03935,1
CUST_03936,4
CUST_03937,0
CUST_03938,1
CUST_03939,4
CUST_03940,2
CUST_03941,4
CUST_03942,0
CUST_03943,1
CUST_03944,2
CUST_03945,2
CUST_03946,2
CUST_03947,4
CUST_03948,0
CUST_03949,2
CUST_03950,2
CUST_03951,4
CUST_03952,2
CUST_03953,2
CUST_03954,2
CUST_03955,0
CUST_03956,4
CUST_03957,0
CUST_03958,0
CUST_03959,2
CUST_03960,0
CUST_03961,0
CUST_03962,0
CUST_03963,1
CUST_03964,4
CUST_03965,2
CUST_03966,0
CUST_03967,4
CUST_03968,4
CUST_03969,1
CUST_03970,2
CUST_03971,4
CUST_03972,2
CUST_03973,2
CUST_03974,0
CUST_03975,2
CUST_03976,2
CUST_03977,4
CUST_03978,2
CUST_03979,2
CUST_03980,0
CUST_03981,4
CUST_03982,4
CUST_03983,1
CUST_03984,4
CUST_03985,0
CUST_03986,1
CUST_03987,2
CUST_03988,4
CUST_03989,3
CUST_03990,2
CUST_03991,4
CUST_03992,4
CUST_03993,2
CUST_03994,2
CUST_03995,1
CUST_03996,0
CUST_03997,2
CUST_03998,2
CUST_03999,1
CUST_04000,4
CUST_04001,1
CUST_04002,4
CUST_04003,2
CUST_04004,0
CUST_04005,2
CUST_04006,4
CUST_04007,2
CUST_04008,4
CUST_04009,2
CUST_04010,2
CUST_04011,2
CUST_04012,0
CUST_04013,4
CUST_04014,2
CUST_04015,2
CUST_04016,2
CUST_04017,0
CUST_04018,0
CUST_04019,4
CUST_04020,2
CUST_04021,4
CUST_04022,2
CUST_04023,0
CUST_04024,4
CUST_04025,2
CUST_04026,4
CUST_04027,0
CUST_04028,0
CUST_04029,2
CUST_04030,2
CUST_04031,0
CUST_04032,2
CUST_04033,2
CUST_04034,0
CUST_04035,4
CUST_04036,4
CUST_04037,1
CUST_04038,4
CUST_04039,2
CUST_04040,2
CUST_04041,0
CUST_04042,4
CUST_04043,4
CUST_04044,4
CUST_04045,2
CUST_04046,2
CUST_04047,0
CUST_04048,2
CUST_04049,2
CUST_04050,2
CUST_04051,0
CUST_04052,2
CUST_04053,1
CUST_04054,0
CUST_04055,2
CUST_04056,2
CUST_04057,4
CUST_04058,0
CUST_04059,0
CUST_04060,0
CUST_04061,0
CUST_04062,4
CUST_04063,4
CUST_04064,1
CUST_04065,1
CUST_04066,0
CUST_04067,1
CUST_04068,4
CUST_04069,1
CUST_04070,4
CUST_04071,1
CUST_04072,2
CUST_04073,3
CUST_04074,2
CUST_04075,0
CUST_04076,1
CUST_04077,2
CUST_04078,3
CUST_04079,4
CUST_04080,1
CUST_04081,4
CUST_04082,2
CUST_04083,2
CUST_04084,4
CUST_04085,2
CUST_04086,4
CUST_04087,2
CUST_04088,4
CUST_04089,4
CUST_04090,4
CUST_04091,4
CUST_04092,0
CUST_04093,2
CUST_04094,1
CUST_04095,2
CUST_04096,2
CUST_04097,0
CUST_04098,4
CUST_04099,0
CUST_04100,0
CUST_04101,2
CUST_04102,4
CUST_04103,4
CUST_04104,4
CUST_04105,0
CUST_04106,2
CUST_04107,1
CUST_04108,2
CUST_04109,2
CUST_04110,2
CUST_04111,2
CUST_04112,0
CUST_04113,4
CUST_04114,0
CUST_04115,4
CUST_04116,4
CUST_04117,4
CUST_04118,4
CUST_04119,4
CUST_04120,3
CUST_04121,2
CUST_04122,1
CUST_04123,2
CUST_04124,4
CUST_04125,0
CUST_04126,2
CUST_04127,1
CUST_04128,2
CUST_04129,2
CUST_04130,2
CUST_04131,2
CUST_04132,2
CUST_04133,2
CUST_04134,2
CUST_04135,3
CUST_04136,0
CUST_04137,4
CUST_04138,2
CUST_04139,4
CUST_04140,2
CUST_04141,0
CUST_04142,4
CUST_04143,4
CUST_04144,2
CUST_04145,0
CUST_04146,2
CUST_04147,4
CUST_04148,0
CUST_04149,2
CUST_04150,1
CUST_04151,1
CUST_04152,2
CUST_04153,4
CUST_04154,4
CUST_04155,2
CUST_04156,1
CUST_04157,2
CUST_04158,4
CUST_04159,2
CUST_04160,2
CUST_04161,1
CUST_04162,2
CUST_04163,1
CUST_04164,0
CUST_04165,0
CUST_04166,2
CUST_04167,2
CUST_04168,4
CUST_04169,2
CUST_04170,4
CUST_04171,4
CUST_04172,2
CUST_04173,1
CUST_04174,2
CUST_04175,1
CUST_04176,2
CUST_04177,4
CUST_04178,4
CUST_04179,0
CUST_04180,2
CUST_04181,2
CUST_04182,4
CUST_04183,4
CUST_04184,0
CUST_04185,2
CUST_04186,1
CUST_04187,0
CUST_04188,0
CUST_04189,0
CUST_04190,0
CUST_04191,0
CUST_04192,1
CUST_04193,1
CUST_04194,2
CUST_04195,0
CUST_04196,0
CUST_04197,4
CUST_04198,2
CUST_04199,2
CUST_04200,1
CUST_04201,4
CUST_04202,2
CUST_04203,2
CUST_04204,4
CUST_04205,2
CUST_04206,2
CUST_04207,2
CUST_04208,1
CUST_04209,2
CUST_04210,2
CUST_04211,0
CUST_04212,1
CUST_04213,2
CUST_04214,3
CUST_04215,2
CUST_04216,2
CUST_04217,4
CUST_04218,0
CUST_04219,4
CUST_04220,4
CUST_04221,2
CUST_04222,4
CUST_04223,0
CUST_04224,2
CUST_04225,2
CUST_04226,4
CUST_04227,2
CUST_04228,0
CUST_04229,4
CUST_04230,0
CUST_04231,4
CUST_04232,2
CUST_04233,1
CUST_04234,0
CUST_04235,2
CUST_04236,4
CUST_04237,4
CUST_04238,2
CUST_04239,0
CUST_04240,4
CUST_04241,4
CUST_04242,2
CUST_04243,2
CUST_04244,2
CUST_04245,2
CUST_04246,4
CUST_04247,0
CUST_04248,2
CUST_04249,3
CUST_04250,2
CUST_04251,2
CUST_04252,4
CUST_04253,2
CUST_04254,4
CUST_04255,2
CUST_04256,0
CUST_04257,1
CUST_04258,4
CUST_04259,0
CUST_04260,0
CUST_04261,2
CUST_04262,2
CUST_04263,2
CUST_04264,0
CUST_04265,0
CUST_04266,4
CUST_04267,2
CUST_04268,2
CUST_04269,2
CUST_04270,2
CUST_04271,2
CUST_04272,2
CUST_04273,1
CUST_04274,4
CUST_04275,2
CUST_04276,4
CUST_04277,4
CUST_04278,1
CUST_04279,2
CUST_04280,2
CUST_04281,2
CUST_04282,2
CUST_04283,4
CUST_04284,2
CUST_04285,2
CUST_04286,2
CUST_04287,4
CUST_04288,1
CUST_04289,1
CUST_04290,2
CUST_04291,0
CUST_04292,0
CUST_04293,2
CUST_04294,2
CUST_04295,0
CUST_04296,4
CUST_04297,4
CUST_04298,2
CUST_04299,4
CUST_04300,2
CUST_04301,0
CUST_04302,2
CUST_04303,0
CUST_04304,2
CUST_04305,2
CUST_04306,4
CUST_04307,1
CUST_04308,4
CUST_04309,2
CUST_04310,1
CUST_04311,1
CUST_04312,3
CUST_04313,2
CUST_04314,2
CUST_04315,2
CUST_04316,2
CUST_04317,0
CUST_04318,2
CUST_04319,2
CUST_04320,2
CUST_04321,1
CUST_04322,0
CUST_04323,4
CUST_04324,2
CUST_04325,2
CUST_04326,4
CUST_04327,4
CUST_04328,2
CUST_04329,4
CUST_04330,2
CUST_04331,2
CUST_04332,2
CUST_04333,2
CUST_04334,2
CUST_04335,2
CUST_04336,0
CUST_04337,2
CUST_04338,2
CUST_04339,0
CUST_04340,3
CUST_04341,2
CUST_04342,2
CUST_04343,4
CUST_04344,1
CUST_04345,2
CUST_04346,1
CUST_04347,4
CUST_04348,0
CUST_04349,2
CUST_04350,4
CUST_04351,0
CUST_04352,0
CUST_04353,2
CUST_04354,4
CUST_04355,0
CUST_04356,2
CUST_04357,2
CUST_04358,2
CUST_04359,2
CUST_04360,4
CUST_04361,2
CUST_04362,4
CUST_04363,2
CUST_04364,2
CUST_04365,1
CUST_04366,2
CUST_04367,4
CUST_04368,4
CUST_04369,0
CUST_04370,4
CUST_04371,2
CUST_04372,1
CUST_04373,2
CUST_04374,0
CUST_04375,0
CUST_04376,2
CUST_04377,2
CUST_04378,4
CUST_04379,1
CUST_04380,2
CUST_04381,1
CUST_04382,0
CUST_04383,4
CUST_04384,2
CUST_04385,2
CUST_04386,4
CUST_04387,0
CUST_04388,1
CUST_04389,0
CUST_04390,3
CUST_04391,0
CUST_04392,2
CUST_04393,4
CUST_04394,4
CUST_04395,2
CUST_04396,4
CUST_04397,0
CUST_04398,2
CUST_04399,2
CUST_04400,2
CUST_04401,2
CUST_04402,0
CUST_04403,0
CUST_04404,4
CUST_04405,1
CUST_04406,2
CUST_04407,0
CUST_04408,4
CUST_04409,0
CUST_04410,2
CUST_04411,4
CUST_04412,2
CUST_04413,4
CUST_04414,2
CUST_04415,4
CUST_04416,2
CUST_04417,4
CUST_04418,0
CUST_04419,2
CUST_04420,4
CUST_04421,2
CUST_04422,2
CUST_04423,4
CUST_04424,2
CUST_04425,4
CUST_04426,2
CUST_04427,2
CUST_04428,0
CUST_04429,1
CUST_04430,2
CUST_04431,2
CUST_04432,2
CUST_04433,0
CUST_04434,2
CUST_04435,1
CUST_04436,0
CUST_04437,4
CUST_04438,1
CUST_04439,4
CUST_04440,4
CUST_04441,4
CUST_04442,1
CUST_04443,3
CUST_04444,4
CUST_04445,4
CUST_04446,2
CUST_04447,2
CUST_04448,1
CUST_04449,2
CUST_04450,4
CUST_04451,4
CUST_04452,1
CUST_04453,2
CUST_04454,2
CUST_04455,4
CUST_04456,1
CUST_04457,0
CUST_04458,4
CUST_04459,4
CUST_04460,0
CUST_04461,2
CUST_04462,0
CUST_04463,2
CUST_04464,4
CUST_04465,1
CUST_04466,0
CUST_04467,1
CUST_04468,0
CUST_04469,0
CUST_04470,0
CUST_04471,4
CUST_04472,2
CUST_04473,2
CUST_04474,0
CUST_04475,4
CUST_04476,1
CUST_04477,4
CUST_04478,4
CUST_04479,4
CUST_04480,2
CUST_04481,2
CUST_04482,4
CUST_04483,2
CUST_04484,1
CUST_04485,0
CUST_04486,0
CUST_04487,0
CUST_04488,0
CUST_04489,4
CUST_04490,1
CUST_04491,0
CUST_04492,0
CUST_04493,2
CUST_04494,3
CUST_04495,2
CUST_04496,1
CUST_04497,2
CUST_04498,2
CUST_04499,4
CUST_04500,1
CUST_04501,2
CUST_04502,0
CUST_04503,0
CUST_04504,4
CUST_04505,4
CUST_04506,2
CUST_04507,2
CUST_04508,4
CUST_04509,2
CUST_04510,4
CUST_04511,4
CUST_04512,4
CUST_04513,4
CUST_04514,2
CUST_04515,2
CUST_04516,2
CUST_04517,0
CUST_04518,3
CUST_04519,4
CUST_04520,1
CUST_04521,1
CUST_04522,2
CUST_04523,2
CUST_04524,2
CUST_04525,4
CUST_04526,4
CUST_04527,2
CUST_04528,4
CUST_04529,0
CUST_04530,0
CUST_04531,4
CUST_04532,2
CUST_04533,2
CUST_04534,4
CUST_04535,2
CUST_04536,4
CUST_04537,4
CUST_04538,2
CUST_04539,0
CUST_04540,4
CUST_04541,4
CUST_04542,0
CUST_04543,0
CUST_04544,2
CUST_04545,4
CUST_04546,2
CUST_04547,4
CUST_04548,2
CUST_04549,4
CUST_04550,2
CUST_04551,4
CUST_04552,2
CUST_04553,4
CUST_04554,4
CUST_04555,0
CUST_04556,0
CUST_04557,2
CUST_04558,3
CUST_04559,2
CUST_04560,2
CUST_04561,4
CUST_04562,1
CUST_04563,2
CUST_04564,0
CUST_04565,2
CUST_04566,2
CUST_04567,2
CUST_04568,4
CUST_04569,2
CUST_04570,2
CUST_04571,4
CUST_04572,2
CUST_04573,4
CUST_04574,2
CUST_04575,4
CUST_04576,4
CUST_04577,4
CUST_04578,2
CUST_04579,1
CUST_04580,2
CUST_04581,2
CUST_04582,2
CUST_04583,4
CUST_04584,2
CUST_04585,4
CUST_04586,2
CUST_04587,1
CUST_04588,0
CUST_04589,2
CUST_04590,2
CUST_04591,2
CUST_04592,4
CUST_04593,4
CUST_04594,0
CUST_04595,0
CUST_04596,1
CUST_04597,2
CUST_04598,2
CUST_04599,2
CUST_04600,4
CUST_04601,4
CUST_04602,4
CUST_04603,0
CUST_04604,2
CUST_04605,2
CUST_04606,0
CUST_04607,0
CUST_04608,0
CUST_04609,2
CUST_04610,3
CUST_04611,0
CUST_04612,0
CUST_04613,4
CUST_04614,2
CUST_04615,1
CUST_04616,2
CUST_04617,0
CUST_04618,0
CUST_04619,0
CUST_04620,3
CUST_04621,4
CUST_04622,1
CUST_04623,2
CUST_04624,2
CUST_04625,2
CUST_04626,2
CUST_04627,2
CUST_04628,4
CUST_04629,0
CUST_04630,0
CUST_04631,4
CUST_04632,0
CUST_04633,0
CUST_04634,4
CUST_04635,2
CUST_04636,1
CUST_04637,2
CUST_04638,1
CUST_04639,2
CUST_04640,4
CUST_04641,2
CUST_04642,0
CUST_04643,0
CUST_04644,0
CUST_04645,2
CUST_04646,4
CUST_04647,4
CUST_04648,0
CUST_04649,4
CUST_04650,1
CUST_04651,2
CUST_04652,4
CUST_04653,4
CUST_04654,0
CUST_04655,0
CUST_04656,2
CUST_04657,0
CUST_04658,2
CUST_04659,2
CUST_04660,1
CUST_04661,1
CUST_04662,2
CUST_04663,0
CUST_04664,2
CUST_04665,1
CUST_04666,1
CUST_04667,0
CUST_04668,1
CUST_04669,2
CUST_04670,4
CUST_04671,4
CUST_04672,2
CUST_04673,2
CUST_04674,4
CUST_04675,4
CUST_04676,0
CUST_04677,4
CUST_04678,2
CUST_04679,0
CUST_04680,1
CUST_04681,0
CUST_04682,4
CUST_04683,0
CUST_04684,4
CUST_04685,0
CUST_04686,4
CUST_04687,4
CUST_04688,0
CUST_04689,2
CUST_04690,2
CUST_04691,4
CUST_04692,2
CUST_04693,1
CUST_04694,1
CUST_04695,2
CUST_04696,4
CUST_04697,2
CUST_04698,0
CUST_04699,2
CUST_04700,0
CUST_04701,2
CUST_04702,1
CUST_04703,2
CUST_04704,4
CUST_04705,4
CUST_04706,0
CUST_04707,2
CUST_04708,2
CUST_04709,4
CUST_04710,2
CUST_04711,3
CUST_04712,2
CUST_04713,2
CUST_04714,2
CUST_04715,4
CUST_04716,1
CUST_04717,1
CUST_04718,2
CUST_04719,0
CUST_04720,4
CUST_04721,2
CUST_04722,0
CUST_04723,2
CUST_04724,2
CUST_04725,0
CUST_04726,4
CUST_04727,4
CUST_04728,1
CUST_04729,0
CUST_04730,0
CUST_04731,2
CUST_04732,1
CUST_04733,2
CUST_04734,1
CUST_04735,1
CUST_04736,2
CUST_04737,0
CUST_04738,0
CUST_04739,2
CUST_04740,1
CUST_04741,4
CUST_04742,4
CUST_04743,2
CUST_04744,0
CUST_04745,4
CUST_04746,2
CUST_04747,1
CUST_04748,4
CUST_04749,2
CUST_04750,1
CUST_04751,0
CUST_04752,0
CUST_04753,2
CUST_04754,1
CUST_04755,4
CUST_04756,2
CUST_04757,4
CUST_04758,4
CUST_04759,0
CUST_04760,2
CUST_04761,2
CUST_04762,4
CUST_04763,0
CUST_04764,4
CUST_04765,4
CUST_04766,2
CUST_04767,2
CUST_04768,0
CUST_04769,2
CUST_04770,0
CUST_04771,0
CUST_04772,2
CUST_04773,2
CUST_04774,2
CUST_04775,0
CUST_04776,0
CUST_04777,1
CUST_04778,0
CUST_04779,4
CUST_04780,2
CUST_04781,4
CUST_04782,2
CUST_04783,2
CUST_04784,4
CUST_04785,1
CUST_04786,4
CUST_04787,2
CUST_04788,4
CUST_04789,4
CUST_04790,4
CUST_04791,2
CUST_04792,4
CUST_04793,2
CUST_04794,4
CUST_04795,2
CUST_04796,4
CUST_04797,2
CUST_04798,4
CUST_04799,2
CUST_04800,0
CUST_04801,0
CUST_04802,2
CUST_04803,2
CUST_04804,0
CUST_04805,2
CUST_04806,4
CUST_04807,0
CUST_04808,2
CUST_04809,4
CUST_04810,4
CUST_04811,4
CUST_04812,2
CUST_04813,4
CUST_04814,1
CUST_04815,4
CUST_04816,2
CUST_04817,2
CUST_04818,4
CUST_04819,1
CUST_04820,1
CUST_04821,0
CUST_04822,0
CUST_04823,2
CUST_04824,1
CUST_04825,0
CUST_04826,2
CUST_04827,4
CUST_04828,1
CUST_04829,4
CUST_04830,0
CUST_04831,0
CUST_04832,2
CUST_04833,2
CUST_04834,2
CUST_04835,2
CUST_04836,2
CUST_04837,4
CUST_04838,2
CUST_04839,4
CUST_04840,4
CUST_04841,2
CUST_04842,2
CUST_04843,2
CUST_04844,1
CUST_04845,0
CUST_04846,2
CUST_04847,2
CUST_04848,2
CUST_04849,2
CUST_04850,3
CUST_04851,2
CUST_04852,1
CUST_04853,1
CUST_04854,2
CUST_04855,0
CUST_04856,4
CUST_04857,0
CUST_04858,4
CUST_04859,2
CUST_04860,2
CUST_04861,0
CUST_04862,4
CUST_04863,2
CUST_04864,2
CUST_04865,2
CUST_04866,2
CUST_04867,0
CUST_04868,1
CUST_04869,2
CUST_04870,0
CUST_04871,1
CUST_04872,2
CUST_04873,4
CUST_04874,2
CUST_04875,2
CUST_04876,4
CUST_04877,2
CUST_04878,4
CUST_04879,4
CUST_04880,4
CUST_04881,0
CUST_04882,3
CUST_04883,0
CUST_04884,2
CUST_04885,4
CUST_04886,2
CUST_04887,0
CUST_04888,0
CUST_04889,1
CUST_04890,4
CUST_04891,4
CUST_04892,1
CUST_04893,4
CUST_04894,1
CUST_04895,4
CUST_04896,1
CUST_04897,3
CUST_04898,3
CUST_04899,2
CUST_04900,4
CUST_04901,2
CUST_04902,1
CUST_04903,0
CUST_04904,1
CUST_04905,0
CUST_04906,2
CUST_04907,1
CUST_04908,2
CUST_04909,0
CUST_04910,4
CUST_04911,2
CUST_04912,0
CUST_04913,0
CUST_04914,4
CUST_04915,2
CUST_04916,2
CUST_04917,0
CUST_04918,2
CUST_04919,4
CUST_04920,0
CUST_04921,1
CUST_04922,4
CUST_04923,2
CUST_04924,2
CUST_04925,1
CUST_04926,2
CUST_04927,4
CUST_04928,2
CUST_04929,0
CUST_04930,4
CUST_04931,1
CUST_04932,4
CUST_04933,2
CUST_04934,1
CUST_04935,4
CUST_04936,2
CUST_04937,2
CUST_04938,1
CUST_04939,2
CUST_04940,4
CUST_04941,2
CUST_04942,4
CUST_04943,4
CUST_04944,2
CUST_04945,4
CUST_04946,2
CUST_04947,4
CUST_04948,4
CUST_04949,0
CUST_04950,2
CUST_04951,2
CUST_04952,4
CUST_04953,4
CUST_04954,1
CUST_04955,2
CUST_04956,2
CUST_04957,0
CUST_04958,4
CUST_04959,4
CUST_04960,1
CUST_04961,4
CUST_04962,3
CUST_04963,2
CUST_04964,2
CUST_04965,0
CUST_04966,0
CUST_04967,2
CUST_04968,0
CUST_04969,4
CUST_04970,2
CUST_04971,0
CUST_04972,1
CUST_04973,0
CUST_04974,4
CUST_04975,2
CUST_04976,2
CUST_04977,2
CUST_04978,0
CUST_04979,2
CUST_04980,0
CUST_04981,2
CUST_04982,2
CUST_04983,2
CUST_04984,2
CUST_04985,0
CUST_04986,2
CUST_04987,0
CUST_04988,2
CUST_04989,1
CUST_04990,4
CUST_04991,2
CUST_04992,1
CUST_04993,1
CUST_04994,2
CUST_04995,1
CUST_04996,4
CUST_04997,2
CUST_04998,0
CUST_04999,2
CUST_05000,0
